date,hour,mcp
2026-01-01,0,98.1
2026-01-01,1,93.945
2026-01-01,2,88.0575
2026-01-01,3,77.9925
2026-01-01,4,72.0675
2026-01-01,5,70.27
2026-01-01,6,81.2375
2026-01-01,7,67.225
2026-01-01,8,42.94
2026-01-01,9,34.345
2026-01-01,10,18.1125
2026-01-01,11,26.495
2026-01-01,12,28.2075
2026-01-01,13,36.2275
2026-01-01,14,57.2075
2026-01-01,15,100.845
2026-01-01,16,111.455
2026-01-01,17,120.0
2026-01-01,18,120.3175
2026-01-01,19,120.4125
2026-01-01,20,119.365
2026-01-01,21,115.0
2026-01-01,22,109.28
2026-01-01,23,97.375
2026-01-02,0,91.1075
2026-01-02,1,86.22
2026-01-02,2,78.39750000000001
2026-01-02,3,76.865
2026-01-02,4,79.6475
2026-01-02,5,86.025
2026-01-02,6,105.4425
2026-01-02,7,104.0525
2026-01-02,8,96.11
2026-01-02,9,91.0025
2026-01-02,10,85.465
2026-01-02,11,83.0075
2026-01-02,12,60.0
2026-01-02,13,82.2575
2026-01-02,14,92.85
2026-01-02,15,106.0125
2026-01-02,16,116.225
2026-01-02,17,117.9625
2026-01-02,18,116.28
2026-01-02,19,118.22
2026-01-02,20,114.9975
2026-01-02,21,103.55
2026-01-02,22,95.1825
2026-01-02,23,83.2675
2026-01-03,0,80.42750000000001
2026-01-03,1,80.03
2026-01-03,2,80.755
2026-01-03,3,79.805
2026-01-03,4,77.38
2026-01-03,5,76.2975
2026-01-03,6,79.305
2026-01-03,7,83.9225
2026-01-03,8,90.69
2026-01-03,9,88.85249999999999
2026-01-03,10,85.185
2026-01-03,11,85.1075
2026-01-03,12,83.905
2026-01-03,13,80.465
2026-01-03,14,83.515
2026-01-03,15,94.865
2026-01-03,16,108.105
2026-01-03,17,111.725
2026-01-03,18,111.825
2026-01-03,19,109.0325
2026-01-03,20,103.1025
2026-01-03,21,96.035
2026-01-03,22,89.94
2026-01-03,23,82.27250000000001
2026-01-04,0,84.7525
2026-01-04,1,85.33
2026-01-04,2,85.0425
2026-01-04,3,83.915
2026-01-04,4,82.5575
2026-01-04,5,83.4075
2026-01-04,6,83.9575
2026-01-04,7,86.84
2026-01-04,8,88.4
2026-01-04,9,86.0175
2026-01-04,10,77.925
2026-01-04,11,60.0
2026-01-04,12,78.35
2026-01-04,13,86.2775
2026-01-04,14,93.055
2026-01-04,15,94.7925
2026-01-04,16,113.5125
2026-01-04,17,118.425
2026-01-04,18,121.18
2026-01-04,19,104.065
2026-01-04,20,102.855
2026-01-04,21,100.195
2026-01-04,22,96.565
2026-01-04,23,85.005
2026-01-05,0,26.225
2026-01-05,1,26.0075
2026-01-05,2,16.695
2026-01-05,3,27.0175
2026-01-05,4,52.67
2026-01-05,5,74.7725
2026-01-05,6,84.055
2026-01-05,7,87.805
2026-01-05,8,86.8125
2026-01-05,9,81.9425
2026-01-05,10,73.425
2026-01-05,11,76.325
2026-01-05,12,77.0625
2026-01-05,13,79.895
2026-01-05,14,79.1175
2026-01-05,15,87.7525
2026-01-05,16,96.9725
2026-01-05,17,105.2075
2026-01-05,18,95.6075
2026-01-05,19,93.915
2026-01-05,20,91.1
2026-01-05,21,87.9375
2026-01-05,22,84.705
2026-01-05,23,76.58250000000001
2026-01-06,0,84.13
2026-01-06,1,84.42
2026-01-06,2,83.8575
2026-01-06,3,84.07
2026-01-06,4,87.11
2026-01-06,5,91.825
2026-01-06,6,91.915
2026-01-06,7,94.6925
2026-01-06,8,74.6025
2026-01-06,9,76.015
2026-01-06,10,67.8675
2026-01-06,11,67.4325
2026-01-06,12,68.715
2026-01-06,13,81.735
2026-01-06,14,85.9075
2026-01-06,15,86.0325
2026-01-06,16,90.685
2026-01-06,17,96.97
2026-01-06,18,94.79
2026-01-06,19,91.4675
2026-01-06,20,94.6825
2026-01-06,21,95.2425
2026-01-06,22,90.86
2026-01-06,23,86.4975
2026-01-07,0,83.9175
2026-01-07,1,83.53999999999999
2026-01-07,2,81.405
2026-01-07,3,81.2475
2026-01-07,4,84.6975
2026-01-07,5,87.7825
2026-01-07,6,116.56
2026-01-07,7,113.9925
2026-01-07,8,88.195
2026-01-07,9,83.8425
2026-01-07,10,76.7175
2026-01-07,11,65.0
2026-01-07,12,74.725
2026-01-07,13,86.9675
2026-01-07,14,109.18
2026-01-07,15,92.4825
2026-01-07,16,107.2975
2026-01-07,17,110.795
2026-01-07,18,94.34
2026-01-07,19,93.8725
2026-01-07,20,96.4375
2026-01-07,21,92.7775
2026-01-07,22,86.21
2026-01-07,23,84.69749999999999
2026-01-08,0,71.8375
2026-01-08,1,76.5775
2026-01-08,2,78.1275
2026-01-08,3,79.495
2026-01-08,4,80.08
2026-01-08,5,88.77000000000001
2026-01-08,6,97.82
2026-01-08,7,93.9875
2026-01-08,8,57.64
2026-01-08,9,17.2875
2026-01-08,10,0.0
2026-01-08,11,0.0
2026-01-08,12,0.0
2026-01-08,13,0.0525
2026-01-08,14,48.6225
2026-01-08,15,78.1825
2026-01-08,16,89.33500000000001
2026-01-08,17,115.7225
2026-01-08,18,116.745
2026-01-08,19,144.4375
2026-01-08,20,127.2
2026-01-08,21,104.3875
2026-01-08,22,99.645
2026-01-08,23,96.8275
2026-01-09,0,90.0
2026-01-09,1,89.32249999999999
2026-01-09,2,90.0
2026-01-09,3,87.455
2026-01-09,4,92.06
2026-01-09,5,110.055
2026-01-09,6,128.36
2026-01-09,7,144.46
2026-01-09,8,107.5225
2026-01-09,9,82.085
2026-01-09,10,74.20750000000001
2026-01-09,11,79.9075
2026-01-09,12,83.0375
2026-01-09,13,100.385
2026-01-09,14,110.3875
2026-01-09,15,130.1875
2026-01-09,16,143.6125
2026-01-09,17,135.5625
2026-01-09,18,133.75
2026-01-09,19,130.0475
2026-01-09,20,126.4125
2026-01-09,21,126.18
2026-01-09,22,111.375
2026-01-09,23,97.0
2026-01-10,0,78.095
2026-01-10,1,80.5775
2026-01-10,2,80.905
2026-01-10,3,85.2375
2026-01-10,4,85.1375
2026-01-10,5,77.2375
2026-01-10,6,82.81
2026-01-10,7,105.5425
2026-01-10,8,89.9825
2026-01-10,9,86.9375
2026-01-10,10,62.815
2026-01-10,11,70.0
2026-01-10,12,68.58500000000001
2026-01-10,13,61.875
2026-01-10,14,69.795
2026-01-10,15,87.7
2026-01-10,16,108.8025
2026-01-10,17,124.7675
2026-01-10,18,114.1875
2026-01-10,19,110.855
2026-01-10,20,94.04
2026-01-10,21,86.3775
2026-01-10,22,83.1925
2026-01-10,23,63.57
2026-01-11,0,83.2325
2026-01-11,1,83.965
2026-01-11,2,82.1425
2026-01-11,3,84.72
2026-01-11,4,82.68
2026-01-11,5,82.26
2026-01-11,6,81.6025
2026-01-11,7,84.15
2026-01-11,8,76.6125
2026-01-11,9,52.625
2026-01-11,10,57.585
2026-01-11,11,76.9925
2026-01-11,12,95.35
2026-01-11,13,91.1975
2026-01-11,14,85.8975
2026-01-11,15,87.08
2026-01-11,16,115.7225
2026-01-11,17,121.735
2026-01-11,18,121.2625
2026-01-11,19,123.555
2026-01-11,20,112.83
2026-01-11,21,87.0025
2026-01-11,22,83.5575
2026-01-11,23,80.5325
2026-01-12,0,82.085
2026-01-12,1,80.6725
2026-01-12,2,84.5375
2026-01-12,3,79.4025
2026-01-12,4,81.2425
2026-01-12,5,83.9775
2026-01-12,6,101.83
2026-01-12,7,137.3275
2026-01-12,8,87.5925
2026-01-12,9,61.4225
2026-01-12,10,55.48
2026-01-12,11,14.8625
2026-01-12,12,27.865
2026-01-12,13,52.5
2026-01-12,14,61.115
2026-01-12,15,93.9475
2026-01-12,16,155.70749999999998
2026-01-12,17,161.86
2026-01-12,18,148.96
2026-01-12,19,150.0375
2026-01-12,20,150.0025
2026-01-12,21,142.2225
2026-01-12,22,104.395
2026-01-12,23,104.0675
2026-01-13,0,112.69
2026-01-13,1,105.2975
2026-01-13,2,110.15
2026-01-13,3,104.2625
2026-01-13,4,113.12
2026-01-13,5,117.0025
2026-01-13,6,125.88
2026-01-13,7,149.0075
2026-01-13,8,124.805
2026-01-13,9,99.41
2026-01-13,10,89.345
2026-01-13,11,86.4
2026-01-13,12,84.9425
2026-01-13,13,86.7375
2026-01-13,14,97.635
2026-01-13,15,133.895
2026-01-13,16,255.39
2026-01-13,17,378.485
2026-01-13,18,371.47
2026-01-13,19,269.7175
2026-01-13,20,140.0
2026-01-13,21,134.805
2026-01-13,22,124.225
2026-01-13,23,118.02
2026-01-14,0,100.88
2026-01-14,1,108.2575
2026-01-14,2,107.02
2026-01-14,3,114.195
2026-01-14,4,94.975
2026-01-14,5,113.335
2026-01-14,6,131.0375
2026-01-14,7,150.0
2026-01-14,8,104.6625
2026-01-14,9,86.66499999999999
2026-01-14,10,80.58
2026-01-14,11,75.9725
2026-01-14,12,75.59
2026-01-14,13,80.6975
2026-01-14,14,83.2675
2026-01-14,15,137.6275
2026-01-14,16,190.0
2026-01-14,17,283.0
2026-01-14,18,261.7475
2026-01-14,19,250.065
2026-01-14,20,165.2375
2026-01-14,21,140.2
2026-01-14,22,124.83
2026-01-14,23,119.6625
2026-01-15,0,112.69
2026-01-15,1,114.1425
2026-01-15,2,109.1875
2026-01-15,3,95.73
2026-01-15,4,94.7425
2026-01-15,5,116.34
2026-01-15,6,136.5
2026-01-15,7,151.0
2026-01-15,8,98.0275
2026-01-15,9,83.5975
2026-01-15,10,82.265
2026-01-15,11,71.3225
2026-01-15,12,74.695
2026-01-15,13,83.7475
2026-01-15,14,86.955
2026-01-15,15,116.8025
2026-01-15,16,169.4275
2026-01-15,17,260.78000000000003
2026-01-15,18,283.5675
2026-01-15,19,259.9775
2026-01-15,20,190.2675
2026-01-15,21,151.3625
2026-01-15,22,135.46
2026-01-15,23,119.2125
2026-01-16,0,121.5325
2026-01-16,1,122.375
2026-01-16,2,118.4125
2026-01-16,3,117.5375
2026-01-16,4,113.14
2026-01-16,5,121.5775
2026-01-16,6,139.145
2026-01-16,7,156.3775
2026-01-16,8,135.735
2026-01-16,9,91.115
2026-01-16,10,79.4525
2026-01-16,11,75.48
2026-01-16,12,77.3825
2026-01-16,13,83.7875
2026-01-16,14,97.4675
2026-01-16,15,144.9975
2026-01-16,16,182.0625
2026-01-16,17,203.3975
2026-01-16,18,180.805
2026-01-16,19,176.1425
2026-01-16,20,145.085
2026-01-16,21,132.0975
2026-01-16,22,123.725
2026-01-16,23,99.0025
2026-01-17,0,101.26
2026-01-17,1,103.56
2026-01-17,2,102.5075
2026-01-17,3,97.6775
2026-01-17,4,92.245
2026-01-17,5,92.9225
2026-01-17,6,96.175
2026-01-17,7,97.02
2026-01-17,8,94.5325
2026-01-17,9,78.3475
2026-01-17,10,78.5775
2026-01-17,11,84.83
2026-01-17,12,85.875
2026-01-17,13,92.9
2026-01-17,14,92.4225
2026-01-17,15,96.5125
2026-01-17,16,104.425
2026-01-17,17,137.245
2026-01-17,18,120.59
2026-01-17,19,105.28
2026-01-17,20,93.67
2026-01-17,21,92.45
2026-01-17,22,95.955
2026-01-17,23,82.1875
2026-01-18,0,77.0
2026-01-18,1,88.4625
2026-01-18,2,84.4125
2026-01-18,3,86.3325
2026-01-18,4,86.28999999999999
2026-01-18,5,97.725
2026-01-18,6,99.515
2026-01-18,7,115.92
2026-01-18,8,88.91
2026-01-18,9,79.445
2026-01-18,10,77.24000000000001
2026-01-18,11,86.265
2026-01-18,12,86.095
2026-01-18,13,78.8775
2026-01-18,14,84.025
2026-01-18,15,88.105
2026-01-18,16,100.4
2026-01-18,17,143.1125
2026-01-18,18,148.2075
2026-01-18,19,145.57
2026-01-18,20,117.8125
2026-01-18,21,91.4075
2026-01-18,22,91.6375
2026-01-18,23,80.52250000000001
2026-01-19,0,101.15
2026-01-19,1,99.7575
2026-01-19,2,97.8175
2026-01-19,3,97.3225
2026-01-19,4,97.29
2026-01-19,5,98.07
2026-01-19,6,92.7775
2026-01-19,7,97.2475
2026-01-19,8,94.0575
2026-01-19,9,87.795
2026-01-19,10,89.05499999999999
2026-01-19,11,88.615
2026-01-19,12,92.5325
2026-01-19,13,96.71
2026-01-19,14,93.9025
2026-01-19,15,126.5325
2026-01-19,16,144.7525
2026-01-19,17,152.2075
2026-01-19,18,154.1775
2026-01-19,19,162.4075
2026-01-19,20,145.16
2026-01-19,21,138.065
2026-01-19,22,97.745
2026-01-19,23,89.7125
2026-01-20,0,93.7225
2026-01-20,1,92.84
2026-01-20,2,90.425
2026-01-20,3,88.9225
2026-01-20,4,93.3175
2026-01-20,5,102.8675
2026-01-20,6,106.0675
2026-01-20,7,98.295
2026-01-20,8,92.6325
2026-01-20,9,85.6075
2026-01-20,10,88.745
2026-01-20,11,95.0125
2026-01-20,12,100.5425
2026-01-20,13,105.1
2026-01-20,14,100.04
2026-01-20,15,121.5275
2026-01-20,16,148.01
2026-01-20,17,155.76
2026-01-20,18,153.8775
2026-01-20,19,157.4125
2026-01-20,20,147.185
2026-01-20,21,138.635
2026-01-20,22,121.65
2026-01-20,23,114.4075
2026-01-21,0,124.385
2026-01-21,1,123.3
2026-01-21,2,122.2025
2026-01-21,3,115.8125
2026-01-21,4,118.0675
2026-01-21,5,130.0
2026-01-21,6,139.0525
2026-01-21,7,141.7175
2026-01-21,8,146.525
2026-01-21,9,146.01999999999998
2026-01-21,10,148.62
2026-01-21,11,135.7375
2026-01-21,12,138.3625
2026-01-21,13,136.9775
2026-01-21,14,147.6025
2026-01-21,15,167.0
2026-01-21,16,176.51
2026-01-21,17,179.6275
2026-01-21,18,177.24
2026-01-21,19,179.65
2026-01-21,20,172.62
2026-01-21,21,159.9425
2026-01-21,22,146.525
2026-01-21,23,134.305
2026-01-22,0,127.07
2026-01-22,1,127.54
2026-01-22,2,128.075
2026-01-22,3,126.56
2026-01-22,4,130.83749999999998
2026-01-22,5,143.065
2026-01-22,6,160.0575
2026-01-22,7,166.48250000000002
2026-01-22,8,197.435
2026-01-22,9,155.255
2026-01-22,10,139.0
2026-01-22,11,141.7
2026-01-22,12,142.025
2026-01-22,13,143.4975
2026-01-22,14,159.085
2026-01-22,15,159.5
2026-01-22,16,185.615
2026-01-22,17,281.0475
2026-01-22,18,294.7925
2026-01-22,19,256.595
2026-01-22,20,176.15
2026-01-22,21,176.9375
2026-01-22,22,137.7
2026-01-22,23,143.2975
2026-01-23,0,140.0
2026-01-23,1,138.1775
2026-01-23,2,136.97
2026-01-23,3,137.105
2026-01-23,4,136.695
2026-01-23,5,139.3675
2026-01-23,6,164.3475
2026-01-23,7,187.7425
2026-01-23,8,194.8575
2026-01-23,9,189.92
2026-01-23,10,171.7625
2026-01-23,11,115.0
2026-01-23,12,102.7675
2026-01-23,13,118.96
2026-01-23,14,119.7525
2026-01-23,15,169.0
2026-01-23,16,247.6525
2026-01-23,17,278.1825
2026-01-23,18,274.4725
2026-01-23,19,239.06
2026-01-23,20,202.405
2026-01-23,21,162.1375
2026-01-23,22,141.915
2026-01-23,23,135.91
2026-01-24,0,135.4775
2026-01-24,1,129.655
2026-01-24,2,127.7525
2026-01-24,3,127.3
2026-01-24,4,126.0375
2026-01-24,5,128.12
2026-01-24,6,129.6875
2026-01-24,7,143.14499999999998
2026-01-24,8,150.9
2026-01-24,9,136.5775
2026-01-24,10,111.1675
2026-01-24,11,130.23
2026-01-24,12,121.94
2026-01-24,13,119.085
2026-01-24,14,130.905
2026-01-24,15,140.4075
2026-01-24,16,142.9
2026-01-24,17,150.0975
2026-01-24,18,151.28
2026-01-24,19,148.2125
2026-01-24,20,144.51
2026-01-24,21,131.76999999999998
2026-01-24,22,131.19
2026-01-24,23,123.3325
2026-01-25,0,101.125
2026-01-25,1,102.155
2026-01-25,2,102.625
2026-01-25,3,104.3775
2026-01-25,4,103.0575
2026-01-25,5,103.655
2026-01-25,6,103.8725
2026-01-25,7,108.16
2026-01-25,8,120.0675
2026-01-25,9,113.5725
2026-01-25,10,128.29500000000002
2026-01-25,11,93.115
2026-01-25,12,74.0125
2026-01-25,13,76.22749999999999
2026-01-25,14,113.745
2026-01-25,15,128.315
2026-01-25,16,132.7225
2026-01-25,17,138.835
2026-01-25,18,124.4675
2026-01-25,19,96.86
2026-01-25,20,91.8125
2026-01-25,21,89.59
2026-01-25,22,51.8675
2026-01-25,23,68.025
2026-01-26,0,91.4125
2026-01-26,1,86.08500000000001
2026-01-26,2,85.4675
2026-01-26,3,85.705
2026-01-26,4,86.16
2026-01-26,5,88.7
2026-01-26,6,106.7625
2026-01-26,7,111.7725
2026-01-26,8,119.685
2026-01-26,9,106.465
2026-01-26,10,96.1075
2026-01-26,11,94.8425
2026-01-26,12,94.6725
2026-01-26,13,88.8325
2026-01-26,14,88.7825
2026-01-26,15,164.1025
2026-01-26,16,156.365
2026-01-26,17,126.64
2026-01-26,18,154.0075
2026-01-26,19,131.7375
2026-01-26,20,100.85
2026-01-26,21,100.045
2026-01-26,22,102.3875
2026-01-26,23,93.895
2026-01-27,0,83.65
2026-01-27,1,84.14750000000001
2026-01-27,2,86.3775
2026-01-27,3,91.09
2026-01-27,4,85.1125
2026-01-27,5,94.1825
2026-01-27,6,145.97750000000002
2026-01-27,7,184.0
2026-01-27,8,192.96
2026-01-27,9,166.8125
2026-01-27,10,133.115
2026-01-27,11,105.395
2026-01-27,12,100.88
2026-01-27,13,98.43
2026-01-27,14,122.6975
2026-01-27,15,141.48250000000002
2026-01-27,16,170.0375
2026-01-27,17,223.73
2026-01-27,18,260.1975
2026-01-27,19,233.3775
2026-01-27,20,166.1
2026-01-27,21,145.98
2026-01-27,22,103.04
2026-01-27,23,85.7025
2026-01-28,0,89.895
2026-01-28,1,86.9375
2026-01-28,2,85.8825
2026-01-28,3,84.69
2026-01-28,4,83.0375
2026-01-28,5,85.2175
2026-01-28,6,100.1275
2026-01-28,7,98.61
2026-01-28,8,84.8575
2026-01-28,9,80.9625
2026-01-28,10,66.4175
2026-01-28,11,62.1425
2026-01-28,12,84.42750000000001
2026-01-28,13,93.275
2026-01-28,14,108.27
2026-01-28,15,100.0575
2026-01-28,16,122.82
2026-01-28,17,148.2075
2026-01-28,18,151.79500000000002
2026-01-28,19,107.39
2026-01-28,20,95.995
2026-01-28,21,85.9175
2026-01-28,22,84.0675
2026-01-28,23,80.05
2026-01-29,0,64.9025
2026-01-29,1,79.8925
2026-01-29,2,84.6225
2026-01-29,3,84.745
2026-01-29,4,83.115
2026-01-29,5,109.28
2026-01-29,6,97.3325
2026-01-29,7,113.5925
2026-01-29,8,164.85500000000002
2026-01-29,9,104.6725
2026-01-29,10,94.0925
2026-01-29,11,98.405
2026-01-29,12,99.1225
2026-01-29,13,92.6875
2026-01-29,14,83.99000000000001
2026-01-29,15,96.3875
2026-01-29,16,98.9425
2026-01-29,17,114.0825
2026-01-29,18,134.73250000000002
2026-01-29,19,99.2025
2026-01-29,20,97.1025
2026-01-29,21,95.9475
2026-01-29,22,82.5575
2026-01-29,23,52.1025
2026-01-30,0,80.945
2026-01-30,1,78.455
2026-01-30,2,75.63
2026-01-30,3,85.39750000000001
2026-01-30,4,59.865
2026-01-30,5,93.4475
2026-01-30,6,94.585
2026-01-30,7,96.7675
2026-01-30,8,91.8525
2026-01-30,9,101.0025
2026-01-30,10,57.58
2026-01-30,11,38.9
2026-01-30,12,61.2575
2026-01-30,13,106.56
2026-01-30,14,103.8925
2026-01-30,15,94.025
2026-01-30,16,114.0675
2026-01-30,17,144.2825
2026-01-30,18,147.62
2026-01-30,19,140.8925
2026-01-30,20,145.0175
2026-01-30,21,119.975
2026-01-30,22,98.7125
2026-01-30,23,108.7
2026-01-31,0,97.07
2026-01-31,1,96.535
2026-01-31,2,96.8
2026-01-31,3,98.2775
2026-01-31,4,99.985
2026-01-31,5,100.94
2026-01-31,6,109.2675
2026-01-31,7,118.375
2026-01-31,8,125.2475
2026-01-31,9,101.9775
2026-01-31,10,87.6075
2026-01-31,11,65.9025
2026-01-31,12,68.2775
2026-01-31,13,84.85
2026-01-31,14,83.455
2026-01-31,15,89.015
2026-01-31,16,131.51
2026-01-31,17,148.345
2026-01-31,18,150.1975
2026-01-31,19,140.48250000000002
2026-01-31,20,126.66
2026-01-31,21,116.0875
2026-01-31,22,97.67
2026-01-31,23,102.685
2026-02-01,0,100.915
2026-02-01,1,97.625
2026-02-01,2,88.7425
2026-02-01,3,67.7075
2026-02-01,4,72.2525
2026-02-01,5,93.4875
2026-02-01,6,98.4075
2026-02-01,7,108.3975
2026-02-01,8,111.035
2026-02-01,9,108.205
2026-02-01,10,97.745
2026-02-01,11,94.4025
2026-02-01,12,101.5875
2026-02-01,13,91.6125
2026-02-01,14,90.245
2026-02-01,15,96.4
2026-02-01,16,115.8775
2026-02-01,17,126.125
2026-02-01,18,120.7025
2026-02-01,19,132.9925
2026-02-01,20,118.0325
2026-02-01,21,102.27
2026-02-01,22,97.1575
2026-02-01,23,95.5025
2026-02-02,0,94.4425
2026-02-02,1,92.8825
2026-02-02,2,94.2925
2026-02-02,3,91.3675
2026-02-02,4,94.2275
2026-02-02,5,113.4925
2026-02-02,6,113.67
2026-02-02,7,112.485
2026-02-02,8,95.4375
2026-02-02,9,95.5425
2026-02-02,10,96.77
2026-02-02,11,97.15
2026-02-02,12,93.3575
2026-02-02,13,92.0875
2026-02-02,14,92.1575
2026-02-02,15,105.865
2026-02-02,16,157.0975
2026-02-02,17,218.3675
2026-02-02,18,228.17
2026-02-02,19,211.2475
2026-02-02,20,153.10750000000002
2026-02-02,21,144.52
2026-02-02,22,127.845
2026-02-02,23,108.1825
2026-02-03,0,102.7575
2026-02-03,1,101.895
2026-02-03,2,101.8
2026-02-03,3,100.19
2026-02-03,4,101.0725
2026-02-03,5,115.6375
2026-02-03,6,140.0
2026-02-03,7,151.825
2026-02-03,8,126.03
2026-02-03,9,94.1825
2026-02-03,10,89.4925
2026-02-03,11,83.75
2026-02-03,12,81.9525
2026-02-03,13,90.8025
2026-02-03,14,101.345
2026-02-03,15,125.0675
2026-02-03,16,155.0
2026-02-03,17,190.0725
2026-02-03,18,191.8675
2026-02-03,19,179.7425
2026-02-03,20,146.5
2026-02-03,21,134.7125
2026-02-03,22,112.1975
2026-02-03,23,105.86
2026-02-04,0,104.2725
2026-02-04,1,104.7475
2026-02-04,2,103.65
2026-02-04,3,100.9225
2026-02-04,4,103.8825
2026-02-04,5,105.97
2026-02-04,6,116.13
2026-02-04,7,122.2325
2026-02-04,8,98.2925
2026-02-04,9,91.95
2026-02-04,10,107.9175
2026-02-04,11,96.7025
2026-02-04,12,70.47749999999999
2026-02-04,13,76.795
2026-02-04,14,89.92
2026-02-04,15,54.655
2026-02-04,16,104.7575
2026-02-04,17,136.2925
2026-02-04,18,125.5275
2026-02-04,19,118.93
2026-02-04,20,101.4225
2026-02-04,21,91.8
2026-02-04,22,91.8825
2026-02-04,23,87.235
2026-02-05,0,72.345
2026-02-05,1,87.2925
2026-02-05,2,89.7425
2026-02-05,3,90.5625
2026-02-05,4,92.2875
2026-02-05,5,92.805
2026-02-05,6,90.105
2026-02-05,7,91.57
2026-02-05,8,97.4975
2026-02-05,9,99.02
2026-02-05,10,94.925
2026-02-05,11,94.38
2026-02-05,12,94.255
2026-02-05,13,92.95
2026-02-05,14,90.8325
2026-02-05,15,92.2425
2026-02-05,16,98.5475
2026-02-05,17,138.7425
2026-02-05,18,146.0225
2026-02-05,19,149.1975
2026-02-05,20,130.94
2026-02-05,21,113.25
2026-02-05,22,95.235
2026-02-05,23,92.09
2026-02-06,0,96.7625
2026-02-06,1,94.1025
2026-02-06,2,95.9925
2026-02-06,3,98.7625
2026-02-06,4,98.4675
2026-02-06,5,98.3625
2026-02-06,6,124.2775
2026-02-06,7,117.495
2026-02-06,8,93.52
2026-02-06,9,85.935
2026-02-06,10,45.025
2026-02-06,11,66.4
2026-02-06,12,85.405
2026-02-06,13,95.1425
2026-02-06,14,92.2625
2026-02-06,15,59.0975
2026-02-06,16,102.44
2026-02-06,17,130.1
2026-02-06,18,137.155
2026-02-06,19,123.8525
2026-02-06,20,98.3125
2026-02-06,21,90.92
2026-02-06,22,91.3425
2026-02-06,23,92.975
2026-02-07,0,85.0125
2026-02-07,1,92.825
2026-02-07,2,92.76
2026-02-07,3,91.8875
2026-02-07,4,74.495
2026-02-07,5,72.7925
2026-02-07,6,88.0725
2026-02-07,7,79.6825
2026-02-07,8,52.0
2026-02-07,9,0.005
2026-02-07,10,0.0
2026-02-07,11,-0.0125
2026-02-07,12,-0.0575
2026-02-07,13,0.0
2026-02-07,14,0.0025
2026-02-07,15,53.370000000000005
2026-02-07,16,114.665
2026-02-07,17,130.0
2026-02-07,18,128.0025
2026-02-07,19,122.1625
2026-02-07,20,105.395
2026-02-07,21,93.2675
2026-02-07,22,92.185
2026-02-07,23,90.9925
2026-02-08,0,96.7575
2026-02-08,1,97.8425
2026-02-08,2,99.5425
2026-02-08,3,97.8725
2026-02-08,4,94.805
2026-02-08,5,98.85
2026-02-08,6,97.485
2026-02-08,7,93.115
2026-02-08,8,22.505000000000003
2026-02-08,9,68.415
2026-02-08,10,21.02
2026-02-08,11,15.5025
2026-02-08,12,8.6975
2026-02-08,13,29.7425
2026-02-08,14,100.6325
2026-02-08,15,105.495
2026-02-08,16,110.07
2026-02-08,17,131.435
2026-02-08,18,132.135
2026-02-08,19,127.2975
2026-02-08,20,122.84
2026-02-08,21,110.9875
2026-02-08,22,108.2025
2026-02-08,23,101.375
2026-02-09,0,100.0125
2026-02-09,1,98.8025
2026-02-09,2,99.24
2026-02-09,3,99.5875
2026-02-09,4,101.03
2026-02-09,5,108.2025
2026-02-09,6,130.585
2026-02-09,7,159.9975
2026-02-09,8,171.94
2026-02-09,9,161.565
2026-02-09,10,104.1875
2026-02-09,11,112.925
2026-02-09,12,105.0
2026-02-09,13,105.6275
2026-02-09,14,111.0
2026-02-09,15,131.2775
2026-02-09,16,161.845
2026-02-09,17,189.4525
2026-02-09,18,185.8175
2026-02-09,19,170.0525
2026-02-09,20,148.1
2026-02-09,21,140.4
2026-02-09,22,127.8
2026-02-09,23,108.2025
2026-02-10,0,101.845
2026-02-10,1,109.8375
2026-02-10,2,109.1025
2026-02-10,3,107.8475
2026-02-10,4,99.9625
2026-02-10,5,95.2525
2026-02-10,6,108.725
2026-02-10,7,118.73
2026-02-10,8,110.3075
2026-02-10,9,93.95
2026-02-10,10,90.385
2026-02-10,11,90.205
2026-02-10,12,95.345
2026-02-10,13,107.795
2026-02-10,14,111.7125
2026-02-10,15,124.0
2026-02-10,16,143.4275
2026-02-10,17,166.255
2026-02-10,18,162.285
2026-02-10,19,171.1
2026-02-10,20,139.3375
2026-02-10,21,122.705
2026-02-10,22,119.6775
2026-02-10,23,108.2025
2026-02-11,0,98.79
2026-02-11,1,94.87
2026-02-11,2,94.805
2026-02-11,3,94.535
2026-02-11,4,95.1675
2026-02-11,5,106.265
2026-02-11,6,118.0
2026-02-11,7,133.0
2026-02-11,8,112.3175
2026-02-11,9,99.29
2026-02-11,10,98.55
2026-02-11,11,59.9975
2026-02-11,12,88.88
2026-02-11,13,78.2325
2026-02-11,14,74.2175
2026-02-11,15,102.2125
2026-02-11,16,126.3475
2026-02-11,17,133.5925
2026-02-11,18,135.8025
2026-02-11,19,130.655
2026-02-11,20,123.555
2026-02-11,21,102.7425
2026-02-11,22,93.035
2026-02-11,23,90.855
2026-02-12,0,94.59
2026-02-12,1,96.1925
2026-02-12,2,94.7525
2026-02-12,3,93.2075
2026-02-12,4,91.01
2026-02-12,5,88.08
2026-02-12,6,106.77
2026-02-12,7,96.49
2026-02-12,8,78.5825
2026-02-12,9,58.75
2026-02-12,10,55.48
2026-02-12,11,26.525
2026-02-12,12,51.05
2026-02-12,13,90.595
2026-02-12,14,61.8575
2026-02-12,15,64.905
2026-02-12,16,93.0025
2026-02-12,17,95.4125
2026-02-12,18,103.845
2026-02-12,19,100.495
2026-02-12,20,95.0
2026-02-12,21,92.285
2026-02-12,22,90.505
2026-02-12,23,90.3275
2026-02-13,0,91.155
2026-02-13,1,91.415
2026-02-13,2,90.325
2026-02-13,3,89.965
2026-02-13,4,90.86
2026-02-13,5,91.91
2026-02-13,6,107.0
2026-02-13,7,118.5075
2026-02-13,8,94.05
2026-02-13,9,82.1375
2026-02-13,10,71.0375
2026-02-13,11,33.475
2026-02-13,12,44.375
2026-02-13,13,60.81
2026-02-13,14,88.72
2026-02-13,15,65.375
2026-02-13,16,95.6375
2026-02-13,17,126.795
2026-02-13,18,133.8875
2026-02-13,19,131.48000000000002
2026-02-13,20,118.1075
2026-02-13,21,96.41
2026-02-13,22,91.0075
2026-02-13,23,89.9775
2026-02-14,0,92.8675
2026-02-14,1,94.18
2026-02-14,2,91.7075
2026-02-14,3,88.94
2026-02-14,4,91.2325
2026-02-14,5,91.4575
2026-02-14,6,95.4875
2026-02-14,7,97.6075
2026-02-14,8,42.9075
2026-02-14,9,12.565
2026-02-14,10,8.815
2026-02-14,11,5.935
2026-02-14,12,6.3725000000000005
2026-02-14,13,12.565
2026-02-14,14,63.615
2026-02-14,15,63.7475
2026-02-14,16,97.51
2026-02-14,17,107.0
2026-02-14,18,98.2075
2026-02-14,19,92.9475
2026-02-14,20,90.8725
2026-02-14,21,49.4275
2026-02-14,22,32.34
2026-02-14,23,48.4325
2026-02-15,0,2.505
2026-02-15,1,15.044999999999998
2026-02-15,2,5.9575000000000005
2026-02-15,3,0.01
2026-02-15,4,0.0125
2026-02-15,5,3.785
2026-02-15,6,3.8
2026-02-15,7,30.1425
2026-02-15,8,41.2875
2026-02-15,9,1.285
2026-02-15,10,0.0025
2026-02-15,11,0.0
2026-02-15,12,0.0
2026-02-15,13,-0.1
2026-02-15,14,-0.1
2026-02-15,15,0.0
2026-02-15,16,23.3375
2026-02-15,17,43.75
2026-02-15,18,74.31
2026-02-15,19,81.0625
2026-02-15,20,78.675
2026-02-15,21,77.495
2026-02-15,22,84.45
2026-02-15,23,83.64
2026-02-16,0,90.4275
2026-02-16,1,90.42
2026-02-16,2,88.725
2026-02-16,3,87.08
2026-02-16,4,88.3725
2026-02-16,5,80.7525
2026-02-16,6,93.4075
2026-02-16,7,104.0925
2026-02-16,8,12.3975
2026-02-16,9,0.0025
2026-02-16,10,0.0
2026-02-16,11,0.0
2026-02-16,12,0.0
2026-02-16,13,0.0
2026-02-16,14,22.5075
2026-02-16,15,67.12
2026-02-16,16,126.65
2026-02-16,17,127.785
2026-02-16,18,127.8575
2026-02-16,19,122.065
2026-02-16,20,118.7
2026-02-16,21,92.9175
2026-02-16,22,95.145
2026-02-16,23,90.7225
2026-02-17,0,0.6499999999999999
2026-02-17,1,10.000000000000002
2026-02-17,2,0.01
2026-02-17,3,0.01
2026-02-17,4,0.01
2026-02-17,5,30.0075
2026-02-17,6,104.995
2026-02-17,7,115.125
2026-02-17,8,115.2125
2026-02-17,9,24.8675
2026-02-17,10,117.0275
2026-02-17,11,108.16
2026-02-17,12,39.07
2026-02-17,13,0.01
2026-02-17,14,0.01
2026-02-17,15,0.0025
2026-02-17,16,90.5475
2026-02-17,17,110.6
2026-02-17,18,125.975
2026-02-17,19,129.8675
2026-02-17,20,108.16
2026-02-17,21,85.61
2026-02-17,22,71.16250000000001
2026-02-17,23,0.0075
2026-02-18,0,12.555
2026-02-18,1,12.56
2026-02-18,2,12.56
2026-02-18,3,16.6225
2026-02-18,4,15.06
2026-02-18,5,75.92
2026-02-18,6,108.14
2026-02-18,7,63.2775
2026-02-18,8,0.0025
2026-02-18,9,-0.0025
2026-02-18,10,-0.1125
2026-02-18,11,-0.55
2026-02-18,12,-1.005
2026-02-18,13,-0.1
2026-02-18,14,-0.01
2026-02-18,15,0.0025
2026-02-18,16,88.53
2026-02-18,17,131.8625
2026-02-18,18,136.07999999999998
2026-02-18,19,134.14
2026-02-18,20,127.29
2026-02-18,21,116.6325
2026-02-18,22,106.4375
2026-02-18,23,93.325
2026-02-19,0,94.7875
2026-02-19,1,94.08
2026-02-19,2,91.825
2026-02-19,3,90.575
2026-02-19,4,93.9575
2026-02-19,5,94.8325
2026-02-19,6,116.44
2026-02-19,7,88.295
2026-02-19,8,28.5425
2026-02-19,9,0.0
2026-02-19,10,-0.0025
2026-02-19,11,-0.01
2026-02-19,12,-0.01
2026-02-19,13,0.0
2026-02-19,14,0.0025
2026-02-19,15,67.8425
2026-02-19,16,120.0
2026-02-19,17,120.0
2026-02-19,18,123.0525
2026-02-19,19,125.0
2026-02-19,20,114.8475
2026-02-19,21,99.565
2026-02-19,22,89.37
2026-02-19,23,87.06
2026-02-20,0,75.27
2026-02-20,1,78.325
2026-02-20,2,74.4
2026-02-20,3,55.035
2026-02-20,4,78.325
2026-02-20,5,92.9525
2026-02-20,6,97.855
2026-02-20,7,119.9575
2026-02-20,8,104.3925
2026-02-20,9,61.4925
2026-02-20,10,90.99
2026-02-20,11,0.515
2026-02-20,12,0.01
2026-02-20,13,0.01
2026-02-20,14,0.0125
2026-02-20,15,39.9025
2026-02-20,16,115.1425
2026-02-20,17,123.8425
2026-02-20,18,128.10750000000002
2026-02-20,19,118.0875
2026-02-20,20,106.1
2026-02-20,21,84.8825
2026-02-20,22,74.9875
2026-02-20,23,58.09
2026-02-21,0,57.975
2026-02-21,1,62.8625
2026-02-21,2,62.7975
2026-02-21,3,64.6125
2026-02-21,4,69.56
2026-02-21,5,72.61
2026-02-21,6,75.2775
2026-02-21,7,80.4975
2026-02-21,8,83.19999999999999
2026-02-21,9,0.0125
2026-02-21,10,0.01
2026-02-21,11,0.01
2026-02-21,12,0.01
2026-02-21,13,15.5125
2026-02-21,14,52.095
2026-02-21,15,59.2125
2026-02-21,16,98.4675
2026-02-21,17,109.475
2026-02-21,18,113.865
2026-02-21,19,108.585
2026-02-21,20,102.045
2026-02-21,21,90.055
2026-02-21,22,81.2975
2026-02-21,23,71.3225
2026-02-22,0,61.24250000000001
2026-02-22,1,56.89
2026-02-22,2,55.865
2026-02-22,3,61.85249999999999
2026-02-22,4,69.0075
2026-02-22,5,64.8425
2026-02-22,6,61.0075
2026-02-22,7,39.995000000000005
2026-02-22,8,0.0
2026-02-22,9,-0.005
2026-02-22,10,0.0
2026-02-22,11,-0.005
2026-02-22,12,0.0
2026-02-22,13,0.0
2026-02-22,14,0.0
2026-02-22,15,0.0
2026-02-22,16,39.3075
2026-02-22,17,98.47
2026-02-22,18,100.6725
2026-02-22,19,96.5275
2026-02-22,20,90.3525
2026-02-22,21,78.08
2026-02-22,22,75.01
2026-02-22,23,34.2325
2026-02-23,0,48.2475
2026-02-23,1,48.5
2026-02-23,2,46.4625
2026-02-23,3,48.1625
2026-02-23,4,48.4575
2026-02-23,5,42.0675
2026-02-23,6,47.2575
2026-02-23,7,0.0
2026-02-23,8,0.0
2026-02-23,9,-2.3875
2026-02-23,10,-10.3775
2026-02-23,11,-23.7325
2026-02-23,12,-25.0
2026-02-23,13,-21.1525
2026-02-23,14,-1.025
2026-02-23,15,-2.2775
2026-02-23,16,44.795
2026-02-23,17,100.4175
2026-02-23,18,131.9275
2026-02-23,19,132.3775
2026-02-23,20,120.3825
2026-02-23,21,103.315
2026-02-23,22,90.835
2026-02-23,23,87.2425
2026-02-24,0,87.7025
2026-02-24,1,89.8725
2026-02-24,2,90.3325
2026-02-24,3,91.7125
2026-02-24,4,93.5825
2026-02-24,5,98.32
2026-02-24,6,112.725
2026-02-24,7,106.295
2026-02-24,8,0.005
2026-02-24,9,0.0
2026-02-24,10,0.0025
2026-02-24,11,0.0
2026-02-24,12,0.0
2026-02-24,13,0.0
2026-02-24,14,0.0
2026-02-24,15,46.0125
2026-02-24,16,115.1275
2026-02-24,17,110.1825
2026-02-24,18,112.0275
2026-02-24,19,105.9375
2026-02-24,20,92.065
2026-02-24,21,67.195
2026-02-24,22,50.35
2026-02-24,23,90.55
2026-02-25,0,32.395
2026-02-25,1,26.62
2026-02-25,2,40.9875
2026-02-25,3,68.03999999999999
2026-02-25,4,29.1125
2026-02-25,5,62.365
2026-02-25,6,86.885
2026-02-25,7,44.13
2026-02-25,8,9.175
2026-02-25,9,0.0
2026-02-25,10,0.0
2026-02-25,11,0.0
2026-02-25,12,0.0
2026-02-25,13,0.0
2026-02-25,14,0.0075
2026-02-25,15,3.0025
2026-02-25,16,84.16
2026-02-25,17,121.1
2026-02-25,18,144.0575
2026-02-25,19,139.6875
2026-02-25,20,125.655
2026-02-25,21,113.565
2026-02-25,22,94.4425
2026-02-25,23,83.60499999999999
2026-02-26,0,84.7175
2026-02-26,1,77.43
2026-02-26,2,73.9225
2026-02-26,3,73.8125
2026-02-26,4,73.145
2026-02-26,5,79.0875
2026-02-26,6,87.3325
2026-02-26,7,63.2525
2026-02-26,8,19.62
2026-02-26,9,-0.005
2026-02-26,10,0.0
2026-02-26,11,0.0
2026-02-26,12,0.0
2026-02-26,13,0.0
2026-02-26,14,0.005
2026-02-26,15,0.005
2026-02-26,16,42.515
2026-02-26,17,94.525
2026-02-26,18,112.6725
2026-02-26,19,115.37
2026-02-26,20,111.815
2026-02-26,21,93.79
2026-02-26,22,89.61
2026-02-26,23,77.5875
2026-02-27,0,59.5975
2026-02-27,1,60.415
2026-02-27,2,61.8325
2026-02-27,3,64.455
2026-02-27,4,67.6275
2026-02-27,5,83.0225
2026-02-27,6,108.86
2026-02-27,7,75.86
2026-02-27,8,23.95
2026-02-27,9,8.352500000000001
2026-02-27,10,8.535
2026-02-27,11,0.3625
2026-02-27,12,0.4425
2026-02-27,13,2.0625
2026-02-27,14,12.56
2026-02-27,15,59.6625
2026-02-27,16,105.7175
2026-02-27,17,125.6775
2026-02-27,18,126.0025
2026-02-27,19,122.005
2026-02-27,20,120.0975
2026-02-27,21,99.7775
2026-02-27,22,93.6225
2026-02-27,23,85.42
2026-02-28,0,86.1075
2026-02-28,1,83.77250000000001
2026-02-28,2,80.97
2026-02-28,3,78.0625
2026-02-28,4,78.21
2026-02-28,5,78.63250000000001
2026-02-28,6,79.765
2026-02-28,7,41.17
2026-02-28,8,12.805
2026-02-28,9,0.015
2026-02-28,10,-0.01
2026-02-28,11,-0.005
2026-02-28,12,-0.01
2026-02-28,13,-0.0025
2026-02-28,14,0.0
2026-02-28,15,0.01
2026-02-28,16,59.12
2026-02-28,17,99.01
2026-02-28,18,104.1175
2026-02-28,19,98.215
2026-02-28,20,87.925
2026-02-28,21,76.74000000000001
2026-02-28,22,70.18
2026-02-28,23,36.07
2026-03-01,0,15.31
2026-03-01,1,20.095
2026-03-01,2,19.79
2026-03-01,3,24.6275
2026-03-01,4,26.3575
2026-03-01,5,69.995
2026-03-01,6,69.67
2026-03-01,7,10.9575
2026-03-01,8,-0.0025
2026-03-01,9,-0.115
2026-03-01,10,-0.285
2026-03-01,11,-0.565
2026-03-01,12,-0.825
2026-03-01,13,-0.7875
2026-03-01,14,-0.265
2026-03-01,15,0.0025
2026-03-01,16,59.900000000000006
2026-03-01,17,93.3275
2026-03-01,18,96.4925
2026-03-01,19,100.8925
2026-03-01,20,101.7225
2026-03-01,21,93.1125
2026-03-01,22,86.3525
2026-03-01,23,76.855
2026-03-02,0,81.545
2026-03-02,1,77.07
2026-03-02,2,75.02000000000001
2026-03-02,3,75.58
2026-03-02,4,81.705
2026-03-02,5,100.235
2026-03-02,6,123.39
2026-03-02,7,106.085
2026-03-02,8,41.81
2026-03-02,9,0.0025
2026-03-02,10,0.0075
2026-03-02,11,0.0
2026-03-02,12,0.0075
2026-03-02,13,3.785
2026-03-02,14,41.8925
2026-03-02,15,78.24
2026-03-02,16,91.555
2026-03-02,17,145.3475
2026-03-02,18,160.31
2026-03-02,19,170.4675
2026-03-02,20,138.8525
2026-03-02,21,126.51
2026-03-02,22,107.33
2026-03-02,23,94.3175
2026-03-03,0,91.79
2026-03-03,1,92.805
2026-03-03,2,92.0725
2026-03-03,3,91.66
2026-03-03,4,93.195
2026-03-03,5,109.3
2026-03-03,6,131.375
2026-03-03,7,102.0075
2026-03-03,8,109.805
2026-03-03,9,99.4625
2026-03-03,10,81.22
2026-03-03,11,58.16
2026-03-03,12,22.3425
2026-03-03,13,37.615
2026-03-03,14,67.41
2026-03-03,15,92.5675
2026-03-03,16,118.47
2026-03-03,17,151.315
2026-03-03,18,211.3225
2026-03-03,19,193.9225
2026-03-03,20,148.48000000000002
2026-03-03,21,131.45
2026-03-03,22,116.9125
2026-03-03,23,94.2525
2026-03-04,0,128.7475
2026-03-04,1,126.015
2026-03-04,2,131.56
2026-03-04,3,126.56
2026-03-04,4,115.135
2026-03-04,5,116.805
2026-03-04,6,139.055
2026-03-04,7,93.7925
2026-03-04,8,65.62
2026-03-04,9,26.9925
2026-03-04,10,0.0125
2026-03-04,11,0.01
2026-03-04,12,2.5675000000000003
2026-03-04,13,11.445
2026-03-04,14,13.802499999999998
2026-03-04,15,96.34
2026-03-04,16,97.025
2026-03-04,17,157.8675
2026-03-04,18,215.3925
2026-03-04,19,207.775
2026-03-04,20,165.995
2026-03-04,21,151.19
2026-03-04,22,135.61
2026-03-04,23,123.585
2026-03-05,0,118.8525
2026-03-05,1,112.9125
2026-03-05,2,111.005
2026-03-05,3,112.8975
2026-03-05,4,114.0875
2026-03-05,5,127.475
2026-03-05,6,143.18
2026-03-05,7,108.5025
2026-03-05,8,105.6075
2026-03-05,9,98.555
2026-03-05,10,62.545
2026-03-05,11,24.1175
2026-03-05,12,10.945
2026-03-05,13,9.6125
2026-03-05,14,50.875
2026-03-05,15,92.9875
2026-03-05,16,100.35
2026-03-05,17,123.9775
2026-03-05,18,185.8675
2026-03-05,19,180.2
2026-03-05,20,157.9575
2026-03-05,21,146.565
2026-03-05,22,135.7825
2026-03-05,23,98.745
2026-03-06,0,109.1175
2026-03-06,1,111.1625
2026-03-06,2,114.5425
2026-03-06,3,115.2275
2026-03-06,4,121.9025
2026-03-06,5,135.5625
2026-03-06,6,140.87
2026-03-06,7,59.045
2026-03-06,8,22.37
2026-03-06,9,0.005
2026-03-06,10,0.0
2026-03-06,11,0.0
2026-03-06,12,0.0
2026-03-06,13,0.0
2026-03-06,14,0.165
2026-03-06,15,46.0175
2026-03-06,16,126.6
2026-03-06,17,130.5875
2026-03-06,18,172.345
2026-03-06,19,170.64249999999998
2026-03-06,20,145.2325
2026-03-06,21,137.125
2026-03-06,22,128.94
2026-03-06,23,104.275
2026-03-07,0,136.0975
2026-03-07,1,133.025
2026-03-07,2,106.8525
2026-03-07,3,109.5675
2026-03-07,4,121.5125
2026-03-07,5,128.625
2026-03-07,6,135.315
2026-03-07,7,80.66499999999999
2026-03-07,8,12.05
2026-03-07,9,0.0
2026-03-07,10,0.0
2026-03-07,11,-1.965
2026-03-07,12,-2.8125
2026-03-07,13,-0.3525
2026-03-07,14,0.0
2026-03-07,15,57.355
2026-03-07,16,114.465
2026-03-07,17,113.5775
2026-03-07,18,150.01
2026-03-07,19,125.6425
2026-03-07,20,149.8275
2026-03-07,21,115.595
2026-03-07,22,132.6725
2026-03-07,23,97.3975
2026-03-08,0,98.12
2026-03-08,1,103.6725
2026-03-08,2,106.755
2026-03-08,3,134.7475
2026-03-08,4,118.9425
2026-03-08,5,128.8725
2026-03-08,6,135.2425
2026-03-08,7,112.4
2026-03-08,8,17.5025
2026-03-08,9,0.0
2026-03-08,10,0.0
2026-03-08,11,-0.0025
2026-03-08,12,-1.5625
2026-03-08,13,-0.125
2026-03-08,14,0.0
2026-03-08,15,58.19
2026-03-08,16,92.1175
2026-03-08,17,147.6625
2026-03-08,18,156.7875
2026-03-08,19,146.825
2026-03-08,20,121.235
2026-03-08,21,94.1825
2026-03-08,22,109.8325
2026-03-08,23,94.0825
2026-03-09,0,104.24
2026-03-09,1,111.81
2026-03-09,2,106.105
2026-03-09,3,103.785
2026-03-09,4,106.5725
2026-03-09,5,97.47
2026-03-09,6,163.975
2026-03-09,7,59.7625
2026-03-09,8,0.005
2026-03-09,9,0.0
2026-03-09,10,0.0
2026-03-09,11,-0.0075
2026-03-09,12,-0.01
2026-03-09,13,-0.005
2026-03-09,14,0.0
2026-03-09,15,15.0025
2026-03-09,16,59.8325
2026-03-09,17,124.2025
2026-03-09,18,212.2975
2026-03-09,19,218.06
2026-03-09,20,143.99
2026-03-09,21,104.8725
2026-03-09,22,152.13
2026-03-09,23,106.395
2026-03-10,0,89.6925
2026-03-10,1,95.95
2026-03-10,2,89.07
2026-03-10,3,88.6575
2026-03-10,4,91.4375
2026-03-10,5,100.505
2026-03-10,6,102.6875
2026-03-10,7,32.0025
2026-03-10,8,21.6125
2026-03-10,9,0.0
2026-03-10,10,0.0
2026-03-10,11,0.0
2026-03-10,12,0.0
2026-03-10,13,0.0
2026-03-10,14,0.0075
2026-03-10,15,27.375
2026-03-10,16,118.275
2026-03-10,17,189.8025
2026-03-10,18,215.4125
2026-03-10,19,200.0
2026-03-10,20,173.5025
2026-03-10,21,157.8425
2026-03-10,22,136.04
2026-03-10,23,107.81
2026-03-11,0,97.1
2026-03-11,1,89.2525
2026-03-11,2,85.505
2026-03-11,3,87.825
2026-03-11,4,94.1
2026-03-11,5,124.255
2026-03-11,6,136.57500000000002
2026-03-11,7,70.58
2026-03-11,8,13.625
2026-03-11,9,0.6425
2026-03-11,10,0.0
2026-03-11,11,0.0
2026-03-11,12,0.0
2026-03-11,13,0.0
2026-03-11,14,5.307499999999999
2026-03-11,15,73.755
2026-03-11,16,148.43
2026-03-11,17,155.33749999999998
2026-03-11,18,215.5825
2026-03-11,19,215.5825
2026-03-11,20,209.6825
2026-03-11,21,162.185
2026-03-11,22,138.0
2026-03-11,23,117.015
2026-03-12,0,126.61
2026-03-12,1,121.25
2026-03-12,2,113.7275
2026-03-12,3,111.765
2026-03-12,4,122.845
2026-03-12,5,132.1175
2026-03-12,6,150.8375
2026-03-12,7,151.04
2026-03-12,8,84.9275
2026-03-12,9,22.97
2026-03-12,10,0.005
2026-03-12,11,0.0
2026-03-12,12,0.0
2026-03-12,13,2.12
2026-03-12,14,26.3025
2026-03-12,15,85.97749999999999
2026-03-12,16,143.3725
2026-03-12,17,151.45499999999998
2026-03-12,18,190.43
2026-03-12,19,207.9325
2026-03-12,20,224.355
2026-03-12,21,161.655
2026-03-12,22,142.395
2026-03-12,23,123.5675
2026-03-13,0,119.2075
2026-03-13,1,104.5125
2026-03-13,2,102.085
2026-03-13,3,102.0875
2026-03-13,4,112.5
2026-03-13,5,134.32999999999998
2026-03-13,6,152.87
2026-03-13,7,137.2775
2026-03-13,8,33.3925
2026-03-13,9,3.195
2026-03-13,10,0.0
2026-03-13,11,-0.1
2026-03-13,12,0.0
2026-03-13,13,0.2675
2026-03-13,14,8.185
2026-03-13,15,67.6225
2026-03-13,16,89.24
2026-03-13,17,137.055
2026-03-13,18,168.3675
2026-03-13,19,153.0
2026-03-13,20,147.9525
2026-03-13,21,134.17
2026-03-13,22,124.99
2026-03-13,23,116.905
2026-03-14,0,114.7825
2026-03-14,1,110.285
2026-03-14,2,104.775
2026-03-14,3,106.76
2026-03-14,4,108.2975
2026-03-14,5,110.8775
2026-03-14,6,112.7025
2026-03-14,7,85.7
2026-03-14,8,1.25
2026-03-14,9,-0.0775
2026-03-14,10,-2.4725
2026-03-14,11,-3.3375
2026-03-14,12,-4.0525
2026-03-14,13,-3.9925
2026-03-14,14,-0.625
2026-03-14,15,42.0125
2026-03-14,16,118.425
2026-03-14,17,142.16750000000002
2026-03-14,18,161.1
2026-03-14,19,169.83499999999998
2026-03-14,20,150.265
2026-03-14,21,137.4525
2026-03-14,22,135.2375
2026-03-14,23,128.04500000000002
2026-03-15,0,124.08
2026-03-15,1,126.655
2026-03-15,2,109.4475
2026-03-15,3,119.07
2026-03-15,4,124.06
2026-03-15,5,125.4225
2026-03-15,6,111.4
2026-03-15,7,85.0675
2026-03-15,8,0.0
2026-03-15,9,-0.0775
2026-03-15,10,-0.7825
2026-03-15,11,-1.0025
2026-03-15,12,-0.33
2026-03-15,13,-0.055
2026-03-15,14,0.0025
2026-03-15,15,29.01
2026-03-15,16,99.09
2026-03-15,17,137.22250000000005
2026-03-15,18,155.4925
2026-03-15,19,151.9825
2026-03-15,20,154.9225
2026-03-15,21,131.15
2026-03-15,22,116.0025
2026-03-15,23,103.5975
2026-03-16,0,82.045
2026-03-16,1,78.605
2026-03-16,2,81.18
2026-03-16,3,65.5075
2026-03-16,4,83.6
2026-03-16,5,123.5975
2026-03-16,6,148.1075
2026-03-16,7,136.9425
2026-03-16,8,88.19
2026-03-16,9,44.655
2026-03-16,10,23.555
2026-03-16,11,15.9925
2026-03-16,12,25.85
2026-03-16,13,54.3
2026-03-16,14,77.73
2026-03-16,15,110.9525
2026-03-16,16,140.4575
2026-03-16,17,158.11
2026-03-16,18,167.76999999999998
2026-03-16,19,179.925
2026-03-16,20,161.6725
2026-03-16,21,137.38
2026-03-16,22,123.2575
2026-03-16,23,100.02
2026-03-17,0,111.9725
2026-03-17,1,104.2525
2026-03-17,2,107.5775
2026-03-17,3,108.7975
2026-03-17,4,111.6025
2026-03-17,5,116.74
2026-03-17,6,126.18
2026-03-17,7,118.2075
2026-03-17,8,115.665
2026-03-17,9,80.2725
2026-03-17,10,80.785
2026-03-17,11,110.01
2026-03-17,12,104.6725
2026-03-17,13,106.895
2026-03-17,14,109.57
2026-03-17,15,126.5225
2026-03-17,16,130.37
2026-03-17,17,168.9975
2026-03-17,18,146.7925
2026-03-17,19,120.925
2026-03-17,20,132.92000000000002
2026-03-17,21,130.045
2026-03-17,22,111.6325
2026-03-17,23,107.3625
2026-03-18,0,96.7725
2026-03-18,1,96.0075
2026-03-18,2,95.105
2026-03-18,3,96.3325
2026-03-18,4,99.47
2026-03-18,5,107.6625
2026-03-18,6,129.27
2026-03-18,7,107.19
2026-03-18,8,104.0025
2026-03-18,9,82.0325
2026-03-18,10,37.8425
2026-03-18,11,8.6325
2026-03-18,12,7.8075
2026-03-18,13,11.52
2026-03-18,14,30.3
2026-03-18,15,66.365
2026-03-18,16,105.6525
2026-03-18,17,139.9425
2026-03-18,18,153.5625
2026-03-18,19,120.6175
2026-03-18,20,119.5175
2026-03-18,21,124.12
2026-03-18,22,127.38
2026-03-18,23,113.4
2026-03-19,0,92.9525
2026-03-19,1,99.8275
2026-03-19,2,106.325
2026-03-19,3,118.885
2026-03-19,4,129.1
2026-03-19,5,126.0025
2026-03-19,6,116.37
2026-03-19,7,96.1625
2026-03-19,8,87.55250000000001
2026-03-19,9,89.735
2026-03-19,10,60.05
2026-03-19,11,10.2975
2026-03-19,12,24.1725
2026-03-19,13,25.5975
2026-03-19,14,69.105
2026-03-19,15,94.31
2026-03-19,16,127.82
2026-03-19,17,137.425
2026-03-19,18,167.9175
2026-03-19,19,171.2875
2026-03-19,20,130.01
2026-03-19,21,113.145
2026-03-19,22,120.4025
2026-03-19,23,115.1425
2026-03-20,0,99.0775
2026-03-20,1,104.3975
2026-03-20,2,100.4175
2026-03-20,3,96.63
2026-03-20,4,95.575
2026-03-20,5,95.35
2026-03-20,6,107.9575
2026-03-20,7,86.6725
2026-03-20,8,95.195
2026-03-20,9,60.085
2026-03-20,10,74.985
2026-03-20,11,84.83500000000001
2026-03-20,12,71.07
2026-03-20,13,71.26
2026-03-20,14,95.12
2026-03-20,15,127.63
2026-03-20,16,138.0075
2026-03-20,17,157.0775
2026-03-20,18,205.5125
2026-03-20,19,165.9375
2026-03-20,20,181.185
2026-03-20,21,132.0
2026-03-20,22,119.8675
2026-03-20,23,123.025
2026-03-21,0,136.4375
2026-03-21,1,108.485
2026-03-21,2,106.655
2026-03-21,3,138.31
2026-03-21,4,125.9125
2026-03-21,5,119.4025
2026-03-21,6,111.92
2026-03-21,7,107.3325
2026-03-21,8,57.3775
2026-03-21,9,0.0
2026-03-21,10,0.0
2026-03-21,11,0.01
2026-03-21,12,10.2075
2026-03-21,13,31.2875
2026-03-21,14,81.2925
2026-03-21,15,84.9675
2026-03-21,16,128.9075
2026-03-21,17,157.8775
2026-03-21,18,159.2625
2026-03-21,19,136.96
2026-03-21,20,140.135
2026-03-21,21,133.0075
2026-03-21,22,128.4325
2026-03-21,23,115.79
2026-03-22,0,102.8925
2026-03-22,1,100.5025
2026-03-22,2,100.27
2026-03-22,3,101.5975
2026-03-22,4,105.15
2026-03-22,5,104.53
2026-03-22,6,103.6675
2026-03-22,7,84.51
2026-03-22,8,0.0
2026-03-22,9,0.0
2026-03-22,10,0.0
2026-03-22,11,0.01
2026-03-22,12,0.01
2026-03-22,13,1.825
2026-03-22,14,8.845
2026-03-22,15,62.4775
2026-03-22,16,96.17
2026-03-22,17,140.14
2026-03-22,18,131.76
2026-03-22,19,178.8425
2026-03-22,20,178.6475
2026-03-22,21,144.8625
2026-03-22,22,154.7575
2026-03-22,23,133.185
2026-03-23,0,141.85750000000002
2026-03-23,1,134.5575
2026-03-23,2,131.8125
2026-03-23,3,129.5375
2026-03-23,4,146.0425
2026-03-23,5,163.6975
2026-03-23,6,186.4875
2026-03-23,7,160.6775
2026-03-23,8,113.005
2026-03-23,9,120.475
2026-03-23,10,99.8075
2026-03-23,11,81.4975
2026-03-23,12,95.9025
2026-03-23,13,117.005
2026-03-23,14,124.885
2026-03-23,15,136.6675
2026-03-23,16,155.5075
2026-03-23,17,191.8275
2026-03-23,18,223.6675
2026-03-23,19,224.63
2026-03-23,20,200.64
2026-03-23,21,169.9
2026-03-23,22,152.745
2026-03-23,23,142.8275
2026-03-24,0,146.24
2026-03-24,1,132.5775
2026-03-24,2,116.42
2026-03-24,3,106.7125
2026-03-24,4,106.0125
2026-03-24,5,131.1725
2026-03-24,6,134.73000000000002
2026-03-24,7,115.5875
2026-03-24,8,100.085
2026-03-24,9,72.015
2026-03-24,10,29.3125
2026-03-24,11,17.39
2026-03-24,12,24.285
2026-03-24,13,51.24
2026-03-24,14,80.86
2026-03-24,15,95.095
2026-03-24,16,137.2475
2026-03-24,17,157.29
2026-03-24,18,159.5025
2026-03-24,19,153.1
2026-03-24,20,153.845
2026-03-24,21,159.0725
2026-03-24,22,124.1375
2026-03-24,23,112.55
2026-03-25,0,104.1825
2026-03-25,1,104.35
2026-03-25,2,97.205
2026-03-25,3,96.52
2026-03-25,4,108.14
2026-03-25,5,104.9275
2026-03-25,6,95.125
2026-03-25,7,39.48
2026-03-25,8,0.0025
2026-03-25,9,0.0
2026-03-25,10,0.0
2026-03-25,11,0.0
2026-03-25,12,0.0
2026-03-25,13,0.0
2026-03-25,14,0.0
2026-03-25,15,22.32
2026-03-25,16,107.04
2026-03-25,17,160.1075
2026-03-25,18,135.82
2026-03-25,19,158.4425
2026-03-25,20,158.685
2026-03-25,21,153.4525
2026-03-25,22,136.2025
2026-03-25,23,110.9725
2026-03-26,0,102.9425
2026-03-26,1,98.4225
2026-03-26,2,95.3175
2026-03-26,3,100.1775
2026-03-26,4,107.14
2026-03-26,5,131.945
2026-03-26,6,147.695
2026-03-26,7,124.12
2026-03-26,8,25.3325
2026-03-26,9,0.0025
2026-03-26,10,0.0
2026-03-26,11,0.0
2026-03-26,12,0.0
2026-03-26,13,0.0
2026-03-26,14,0.0075
2026-03-26,15,41.8725
2026-03-26,16,94.6925
2026-03-26,17,154.785
2026-03-26,18,136.11
2026-03-26,19,126.9675
2026-03-26,20,139.7
2026-03-26,21,133.99
2026-03-26,22,126.33
2026-03-26,23,115.445
2026-03-27,0,118.5425
2026-03-27,1,121.905
2026-03-27,2,117.3425
2026-03-27,3,117.8325
2026-03-27,4,120.2475
2026-03-27,5,137.03750000000002
2026-03-27,6,126.3475
2026-03-27,7,110.51
2026-03-27,8,87.0475
2026-03-27,9,7.007499999999999
2026-03-27,10,0.325
2026-03-27,11,5.5025
2026-03-27,12,35.947500000000005
2026-03-27,13,41.05
2026-03-27,14,57.255
2026-03-27,15,103.05
2026-03-27,16,120.735
2026-03-27,17,124.98
2026-03-27,18,123.8025
2026-03-27,19,127.57
2026-03-27,20,125.4975
2026-03-27,21,124.705
2026-03-27,22,116.66
2026-03-27,23,106.0125
2026-03-28,0,95.135
2026-03-28,1,92.675
2026-03-28,2,90.4675
2026-03-28,3,90.3075
2026-03-28,4,92.105
2026-03-28,5,95.4075
2026-03-28,6,90.765
2026-03-28,7,80.27250000000001
2026-03-28,8,68.3
2026-03-28,9,45.0225
2026-03-28,10,17.5825
2026-03-28,11,7.99
2026-03-28,12,6.72
2026-03-28,13,7.9375
2026-03-28,14,21.0325
2026-03-28,15,57.69
2026-03-28,16,94.0775
2026-03-28,17,128.39
2026-03-28,18,143.625
2026-03-28,19,154.07
2026-03-28,20,145.725
2026-03-28,21,140.93
2026-03-28,22,127.41
2026-03-28,23,119.58
2026-03-29,0,116.2
2026-03-29,1,109.76
2026-03-29,3,108.0975
2026-03-29,4,115.48
2026-03-29,5,111.5275
2026-03-29,6,110.025
2026-03-29,7,115.0025
2026-03-29,8,107.235
2026-03-29,9,0.0025
2026-03-29,10,0.0
2026-03-29,11,0.0
2026-03-29,12,0.0
2026-03-29,13,0.0025
2026-03-29,14,0.0075
2026-03-29,15,0.3325
2026-03-29,16,22.5875
2026-03-29,17,92.3125
2026-03-29,18,106.8325
2026-03-29,19,127.8975
2026-03-29,20,134.6275
2026-03-29,21,141.575
2026-03-29,22,151.205
2026-03-29,23,138.625
2026-03-30,0,94.07
2026-03-30,1,92.1675
2026-03-30,2,79.6725
2026-03-30,3,74.35
2026-03-30,4,91.1125
2026-03-30,5,114.425
2026-03-30,6,159.57
2026-03-30,7,176.1625
2026-03-30,8,166.4125
2026-03-30,9,122.6275
2026-03-30,10,69.915
2026-03-30,11,13.3925
2026-03-30,12,0.02
2026-03-30,13,32.0925
2026-03-30,14,107.3775
2026-03-30,15,124.9975
2026-03-30,16,138.7175
2026-03-30,17,148.57
2026-03-30,18,180.0
2026-03-30,19,212.8825
2026-03-30,20,194.58
2026-03-30,21,177.3625
2026-03-30,22,141.18
2026-03-30,23,120.6225
2026-03-31,0,116.805
2026-03-31,1,107.2775
2026-03-31,2,104.62
2026-03-31,3,104.895
2026-03-31,4,105.9775
2026-03-31,5,126.3825
2026-03-31,6,161.235
2026-03-31,7,192.6325
2026-03-31,8,179.2375
2026-03-31,9,133.58249999999998
2026-03-31,10,113.6775
2026-03-31,11,97.895
2026-03-31,12,93.125
2026-03-31,13,92.4975
2026-03-31,14,97.8075
2026-03-31,15,98.2675
2026-03-31,16,123.525
2026-03-31,17,147.7975
2026-03-31,18,162.3425
2026-03-31,19,184.58
2026-03-31,20,183.525
2026-03-31,21,176.115
2026-03-31,22,158.8475
2026-03-31,23,149.615
2026-04-01,0,147.7375
2026-04-01,1,131.6875
2026-04-01,2,126.33
2026-04-01,3,129.4275
2026-04-01,4,136.93
2026-04-01,5,152.43
2026-04-01,6,188.6075
2026-04-01,7,222.6175
2026-04-01,8,199.9775
2026-04-01,9,173.58
2026-04-01,10,144.52249999999998
2026-04-01,11,137.2525
2026-04-01,12,129.57
2026-04-01,13,122.89
2026-04-01,14,124.2275
2026-04-01,15,128.7775
2026-04-01,16,152.6325
2026-04-01,17,159.06
2026-04-01,18,176.495
2026-04-01,19,188.94
2026-04-01,20,191.25
2026-04-01,21,167.1025
2026-04-01,22,153.3125
2026-04-01,23,134.345
2026-04-02,0,127.79
2026-04-02,1,118.995
2026-04-02,2,114.13
2026-04-02,3,110.1125
2026-04-02,4,107.995
2026-04-02,5,119.48
2026-04-02,6,153.82
2026-04-02,7,160.0075
2026-04-02,8,162.8775
2026-04-02,9,139.70999999999998
2026-04-02,10,129.3175
2026-04-02,11,119.2075
2026-04-02,12,119.5275
2026-04-02,13,105.77
2026-04-02,14,112.755
2026-04-02,15,125.3475
2026-04-02,16,139.10750000000002
2026-04-02,17,146.4525
2026-04-02,18,178.8425
2026-04-02,19,174.56
2026-04-02,20,173.7725
2026-04-02,21,164.74
2026-04-02,22,142.60000000000002
2026-04-02,23,130.95
2026-04-03,0,135.0
2026-04-03,1,122.6225
2026-04-03,2,120.56
2026-04-03,3,118.615
2026-04-03,4,121.85
2026-04-03,5,128.4525
2026-04-03,6,147.8125
2026-04-03,7,156.5375
2026-04-03,8,134.6225
2026-04-03,9,130.07999999999998
2026-04-03,10,104.9575
2026-04-03,11,107.8725
2026-04-03,12,95.8125
2026-04-03,13,96.8925
2026-04-03,14,93.6525
2026-04-03,15,91.8675
2026-04-03,16,99.76
2026-04-03,17,135.775
2026-04-03,18,167.1425
2026-04-03,19,175.5475
2026-04-03,20,170.1725
2026-04-03,21,161.0825
2026-04-03,22,158.755
2026-04-03,23,135.3775
2026-04-04,0,129.93
2026-04-04,1,112.29
2026-04-04,2,98.2575
2026-04-04,3,78.1325
2026-04-04,4,76.57249999999999
2026-04-04,5,94.9975
2026-04-04,6,109.735
2026-04-04,7,88.2575
2026-04-04,8,37.3525
2026-04-04,9,17.635
2026-04-04,10,5.4925
2026-04-04,11,2.36
2026-04-04,12,0.5599999999999999
2026-04-04,13,0.0
2026-04-04,14,0.0
2026-04-04,15,0.035
2026-04-04,16,11.985
2026-04-04,17,73.2925
2026-04-04,18,140.1125
2026-04-04,19,156.76
2026-04-04,20,147.63
2026-04-04,21,128.735
2026-04-04,22,104.67
2026-04-04,23,72.1525
2026-04-05,0,65.685
2026-04-05,1,60.685
2026-04-05,2,29.7575
2026-04-05,3,40.34
2026-04-05,4,22.695
2026-04-05,5,51.905
2026-04-05,6,56.102500000000006
2026-04-05,7,7.24
2026-04-05,8,-0.5249999999999999
2026-04-05,9,-6.545
2026-04-05,10,-24.495
2026-04-05,11,-35.455
2026-04-05,12,-35.7825
2026-04-05,13,-50.0
2026-04-05,14,-50.0
2026-04-05,15,-47.47
2026-04-05,16,-9.8625
2026-04-05,17,16.23
2026-04-05,18,85.11
2026-04-05,19,119.5725
2026-04-05,20,120.0
2026-04-05,21,120.825
2026-04-05,22,114.33
2026-04-05,23,97.4475
2026-04-06,0,79.3275
2026-04-06,1,77.97749999999999
2026-04-06,2,74.9525
2026-04-06,3,72.42750000000001
2026-04-06,4,83.5
2026-04-06,5,121.7775
2026-04-06,6,151.6325
2026-04-06,7,108.95
2026-04-06,8,11.9875
2026-04-06,9,-0.0725
2026-04-06,10,-10.255
2026-04-06,11,-17.8275
2026-04-06,12,-15.005
2026-04-06,13,-8.07
2026-04-06,14,-3.7125
2026-04-06,15,-0.8075
2026-04-06,16,-0.0225
2026-04-06,17,58.27
2026-04-06,18,158.7175
2026-04-06,19,167.2625
2026-04-06,20,163.0975
2026-04-06,21,145.655
2026-04-06,22,146.415
2026-04-06,23,122.12
2026-04-07,0,120.8025
2026-04-07,1,116.8775
2026-04-07,2,113.375
2026-04-07,3,109.75
2026-04-07,4,113.7025
2026-04-07,5,128.48000000000002
2026-04-07,6,154.9025
2026-04-07,7,158.115
2026-04-07,8,69.22
2026-04-07,9,2.11
2026-04-07,10,0.0
2026-04-07,11,-0.2725
2026-04-07,12,-3.01
2026-04-07,13,-4.9975000000000005
2026-04-07,14,-3.44
2026-04-07,15,-0.5675
2026-04-07,16,4.405
2026-04-07,17,85.9475
2026-04-07,18,159.765
2026-04-07,19,178.59
2026-04-07,20,145.8
2026-04-07,21,145.51999999999998
2026-04-07,22,131.6075
2026-04-07,23,120.93
2026-04-08,0,110.305
2026-04-08,1,105.1
2026-04-08,2,103.6375
2026-04-08,3,107.135
2026-04-08,4,111.3475
2026-04-08,5,120.4
2026-04-08,6,139.2275
2026-04-08,7,134.82999999999998
2026-04-08,8,15.995
2026-04-08,9,-0.0025
2026-04-08,10,-0.105
2026-04-08,11,-1.8225
2026-04-08,12,-6.88
2026-04-08,13,-8.4775
2026-04-08,14,-6.4625
2026-04-08,15,-1.1325
2026-04-08,16,11.99
2026-04-08,17,92.4175
2026-04-08,18,133.53
2026-04-08,19,162.925
2026-04-08,20,170.7375
2026-04-08,21,155.6325
2026-04-08,22,149.6825
2026-04-08,23,129.735
2026-04-09,0,122.8625
2026-04-09,1,115.68
2026-04-09,2,109.2675
2026-04-09,3,106.11
2026-04-09,4,109.22
2026-04-09,5,121.46
2026-04-09,6,148.7875
2026-04-09,7,147.58249999999998
2026-04-09,8,127.2375
2026-04-09,9,60.33
2026-04-09,10,0.0075
2026-04-09,11,0.0025
2026-04-09,12,-0.1275
2026-04-09,13,-0.15
2026-04-09,14,0.0
2026-04-09,15,0.04
2026-04-09,16,50.7
2026-04-09,17,116.6975
2026-04-09,18,159.285
2026-04-09,19,168.5075
2026-04-09,20,174.69
2026-04-09,21,158.615
2026-04-09,22,139.70749999999998
2026-04-09,23,126.91
2026-04-10,0,134.0575
2026-04-10,1,122.75
2026-04-10,2,117.455
2026-04-10,3,117.2475
2026-04-10,4,111.54
2026-04-10,5,115.355
2026-04-10,6,129.5225
2026-04-10,7,129.4275
2026-04-10,8,71.43
2026-04-10,9,-0.2775
2026-04-10,10,-9.0025
2026-04-10,11,-1.0
2026-04-10,12,-0.55
2026-04-10,13,-0.1
2026-04-10,14,-0.0575
2026-04-10,15,0.005
2026-04-10,16,115.0075
2026-04-10,17,138.735
2026-04-10,18,170.6325
2026-04-10,19,172.7825
2026-04-10,20,180.5
2026-04-10,21,187.2475
2026-04-10,22,150.3
2026-04-10,23,134.2375
2026-04-11,0,144.9325
2026-04-11,1,130.79250000000002
2026-04-11,2,122.645
2026-04-11,3,122.415
2026-04-11,4,124.7375
2026-04-11,5,125.555
2026-04-11,6,123.77
2026-04-11,7,102.19
2026-04-11,8,75.0675
2026-04-11,9,22.325
2026-04-11,10,1.9325
2026-04-11,11,0.01
2026-04-11,12,0.0
2026-04-11,13,0.0
2026-04-11,14,0.0
2026-04-11,15,0.0075
2026-04-11,16,19.9575
2026-04-11,17,80.7875
2026-04-11,18,141.4025
2026-04-11,19,159.68
2026-04-11,20,166.57999999999998
2026-04-11,21,159.64249999999998
2026-04-11,22,140.815
2026-04-11,23,132.0075
2026-04-12,0,136.0425
2026-04-12,1,124.265
2026-04-12,2,120.715
2026-04-12,3,118.6275
2026-04-12,4,119.42
2026-04-12,5,117.55
2026-04-12,6,111.3525
2026-04-12,7,101.605
2026-04-12,8,57.64
2026-04-12,9,0.0
2026-04-12,10,-0.0025
2026-04-12,11,-0.005
2026-04-12,12,-0.125
2026-04-12,13,-0.2825
2026-04-12,14,-0.175
2026-04-12,15,-0.0775
2026-04-12,16,23.8525
2026-04-12,17,85.1225
2026-04-12,18,126.9
2026-04-12,19,140.64
2026-04-12,20,143.445
2026-04-12,21,136.73250000000002
2026-04-12,22,130.6075
2026-04-12,23,121.0275
2026-04-13,0,117.13
2026-04-13,1,109.795
2026-04-13,2,108.1525
2026-04-13,3,108.99
2026-04-13,4,110.945
2026-04-13,5,120.6725
2026-04-13,6,136.865
2026-04-13,7,128.985
2026-04-13,8,115.665
2026-04-13,9,21.325
2026-04-13,10,0.0125
2026-04-13,11,0.005
2026-04-13,12,0.0
2026-04-13,13,0.0
2026-04-13,14,0.0
2026-04-13,15,0.005
2026-04-13,16,82.765
2026-04-13,17,134.7725
2026-04-13,18,149.9875
2026-04-13,19,140.2775
2026-04-13,20,149.8225
2026-04-13,21,150.0025
2026-04-13,22,141.79500000000002
2026-04-13,23,133.35500000000002
2026-04-14,0,121.03
2026-04-14,1,119.8975
2026-04-14,2,121.035
2026-04-14,3,118.67
2026-04-14,4,121.015
2026-04-14,5,130.8525
2026-04-14,6,149.635
2026-04-14,7,163.2775
2026-04-14,8,156.6525
2026-04-14,9,88.795
2026-04-14,10,44.0825
2026-04-14,11,102.81
2026-04-14,12,109.89
2026-04-14,13,107.32
2026-04-14,14,105.275
2026-04-14,15,124.8375
2026-04-14,16,133.1675
2026-04-14,17,145.69
2026-04-14,18,175.1975
2026-04-14,19,200.01
2026-04-14,20,189.855
2026-04-14,21,169.535
2026-04-14,22,151.05
2026-04-14,23,137.8875
2026-04-15,0,125.9275
2026-04-15,1,119.4425
2026-04-15,2,116.63
2026-04-15,3,119.37
2026-04-15,4,125.45
2026-04-15,5,136.41250000000002
2026-04-15,6,153.0025
2026-04-15,7,160.7475
2026-04-15,8,139.91
2026-04-15,9,122.6925
2026-04-15,10,121.4175
2026-04-15,11,106.48
2026-04-15,12,102.425
2026-04-15,13,79.99
2026-04-15,14,83.3325
2026-04-15,15,97.565
2026-04-15,16,117.635
2026-04-15,17,142.3625
2026-04-15,18,150.0
2026-04-15,19,145.10500000000002
2026-04-15,20,138.47
2026-04-15,21,155.185
2026-04-15,22,134.8025
2026-04-15,23,126.585
2026-04-16,0,122.7325
2026-04-16,1,120.765
2026-04-16,2,118.1325
2026-04-16,3,109.705
2026-04-16,4,117.3375
2026-04-16,5,127.18
2026-04-16,6,143.805
2026-04-16,7,143.77
2026-04-16,8,114.235
2026-04-16,9,7.03
2026-04-16,10,0.0
2026-04-16,11,0.0
2026-04-16,12,0.0
2026-04-16,13,0.0
2026-04-16,14,0.01
2026-04-16,15,0.1375
2026-04-16,16,81.0875
2026-04-16,17,116.6625
2026-04-16,18,137.3525
2026-04-16,19,153.89
2026-04-16,20,165.69
2026-04-16,21,153.82
2026-04-16,22,137.9
2026-04-16,23,127.2475
2026-04-17,0,121.945
2026-04-17,1,115.58
2026-04-17,2,112.5325
2026-04-17,3,108.7375
2026-04-17,4,112.09
2026-04-17,5,119.71
2026-04-17,6,132.6325
2026-04-17,7,112.715
2026-04-17,8,8.7525
2026-04-17,9,-0.0025
2026-04-17,10,-0.1
2026-04-17,11,-0.0775
2026-04-17,12,-0.1
2026-04-17,13,-0.1
2026-04-17,14,-0.0775
2026-04-17,15,-0.0325
2026-04-17,16,0.0025
2026-04-17,17,103.455
2026-04-17,18,132.14249999999998
2026-04-17,19,152.1925
2026-04-17,20,152.0
2026-04-17,21,134.9625
2026-04-17,22,124.96
2026-04-17,23,113.59
2026-04-18,0,105.43
2026-04-18,1,112.6775
2026-04-18,2,112.0325
2026-04-18,3,100.525
2026-04-18,4,105.105
2026-04-18,5,113.995
2026-04-18,6,113.1225
2026-04-18,7,27.7225
2026-04-18,8,-0.2775
2026-04-18,9,-3.0
2026-04-18,10,-6.175
2026-04-18,11,-6.91
2026-04-18,12,-6.9025
2026-04-18,13,-5.6075
2026-04-18,14,-5.485
2026-04-18,15,-3.0
2026-04-18,16,-0.0025
2026-04-18,17,58.1775
2026-04-18,18,122.18
2026-04-18,19,133.565
2026-04-18,20,145.0875
2026-04-18,21,142.70749999999998
2026-04-18,22,133.135
2026-04-18,23,127.725
2026-04-19,0,118.1625
2026-04-19,1,113.3525
2026-04-19,2,110.4475
2026-04-19,3,109.6525
2026-04-19,4,108.11
2026-04-19,5,112.4925
2026-04-19,6,115.6025
2026-04-19,7,51.5125
2026-04-19,8,-0.0075
2026-04-19,9,-1.28
2026-04-19,10,-4.5025
2026-04-19,11,-2.7525
2026-04-19,12,-3.5
2026-04-19,13,-5.01
2026-04-19,14,-5.675
2026-04-19,15,-2.255
2026-04-19,16,11.7675
2026-04-19,17,80.475
2026-04-19,18,133.2525
2026-04-19,19,146.4275
2026-04-19,20,157.14
2026-04-19,21,143.4625
2026-04-19,22,120.9025
2026-04-19,23,112.545
2026-04-20,0,107.2925
2026-04-20,1,107.225
2026-04-20,2,105.66
2026-04-20,3,108.7775
2026-04-20,4,105.61
2026-04-20,5,120.66
2026-04-20,6,166.825
2026-04-20,7,140.0025
2026-04-20,8,84.845
2026-04-20,9,0.0075
2026-04-20,10,-0.055
2026-04-20,11,-0.0025
2026-04-20,12,0.0
2026-04-20,13,0.0
2026-04-20,14,0.0
2026-04-20,15,0.13
2026-04-20,16,57.795
2026-04-20,17,108.57
2026-04-20,18,130.9725
2026-04-20,19,133.245
2026-04-20,20,131.6425
2026-04-20,21,139.9
2026-04-20,22,128.10750000000002
2026-04-20,23,124.715
2026-04-21,0,112.0
2026-04-21,1,110.125
2026-04-21,2,107.8325
2026-04-21,3,104.495
2026-04-21,4,105.8825
2026-04-21,5,117.205
2026-04-21,6,135.765
2026-04-21,7,137.8625
2026-04-21,8,80.4725
2026-04-21,9,0.0025
2026-04-21,10,-0.0075
2026-04-21,11,0.0
2026-04-21,12,0.0
2026-04-21,13,0.0
2026-04-21,14,0.0
2026-04-21,15,0.0
2026-04-21,16,54.36
2026-04-21,17,114.0725
2026-04-21,18,128.605
2026-04-21,19,140.01999999999998
2026-04-21,20,140.525
2026-04-21,21,147.5825
2026-04-21,22,130.1
2026-04-21,23,126.715
2026-04-22,0,118.3975
2026-04-22,1,115.4075
2026-04-22,2,113.11
2026-04-22,3,113.4925
2026-04-22,4,118.88
2026-04-22,5,129.97
2026-04-22,6,148.215
2026-04-22,7,137.1875
2026-04-22,8,126.3225
2026-04-22,9,92.2075
2026-04-22,10,39.81
2026-04-22,11,129.6675
2026-04-22,12,71.25
2026-04-22,13,44.23
2026-04-22,14,34.6425
2026-04-22,15,35.06
2026-04-22,16,74.05250000000001
2026-04-22,17,152.7775
2026-04-22,18,140.1425
2026-04-22,19,208.4975
2026-04-22,20,226.065
2026-04-22,21,136.8425
2026-04-22,22,123.6125
2026-04-22,23,118.0725
2026-04-23,0,145.7175
2026-04-23,1,122.2175
2026-04-23,2,110.26
2026-04-23,3,107.84
2026-04-23,4,114.6075
2026-04-23,5,121.075
2026-04-23,6,127.71
2026-04-23,7,127.06
2026-04-23,8,104.905
2026-04-23,9,39.81
2026-04-23,10,1.335
2026-04-23,11,0.0
2026-04-23,12,0.0
2026-04-23,13,0.0
2026-04-23,14,0.0
2026-04-23,15,0.0
2026-04-23,16,0.0025
2026-04-23,17,56.49
2026-04-23,18,133.0475
2026-04-23,19,187.4075
2026-04-23,20,186.3125
2026-04-23,21,179.855
2026-04-23,22,124.4725
2026-04-23,23,124.6775
2026-04-24,0,112.6
2026-04-24,1,109.445
2026-04-24,2,110.36
2026-04-24,3,109.93
2026-04-24,4,110.9525
2026-04-24,5,126.855
2026-04-24,6,136.57
2026-04-24,7,82.1575
2026-04-24,8,6.585
2026-04-24,9,-0.5275
2026-04-24,10,-5.0025
2026-04-24,11,-4.2525
2026-04-24,12,-7.905
2026-04-24,13,-13.52
2026-04-24,14,-13.155
2026-04-24,15,-14.5225
2026-04-24,16,-0.155
2026-04-24,17,69.82249999999999
2026-04-24,18,121.34
2026-04-24,19,197.225
2026-04-24,20,159.4125
2026-04-24,21,185.855
2026-04-24,22,130.89249999999998
2026-04-24,23,127.1775
2026-04-25,0,107.955
2026-04-25,1,101.88
2026-04-25,2,98.7075
2026-04-25,3,98.19
2026-04-25,4,102.4375
2026-04-25,5,105.7525
2026-04-25,6,100.205
2026-04-25,7,71.265
2026-04-25,8,0.0025
2026-04-25,9,-1.0275
2026-04-25,10,-7.725
2026-04-25,11,-35.0075
2026-04-25,12,-48.9225
2026-04-25,13,-50.0
2026-04-25,14,-50.0
2026-04-25,15,-50.0
2026-04-25,16,-18.815
2026-04-25,17,26.5625
2026-04-25,18,105.75
2026-04-25,19,149.6125
2026-04-25,20,163.975
2026-04-25,21,136.58249999999998
2026-04-25,22,119.6675
2026-04-25,23,110.26
2026-04-26,0,104.5
2026-04-26,1,100.355
2026-04-26,2,89.2625
2026-04-26,3,81.035
2026-04-26,4,83.2325
2026-04-26,5,94.7125
2026-04-26,6,82.6275
2026-04-26,7,25.675
2026-04-26,8,-0.585
2026-04-26,9,-6.4925
2026-04-26,10,-28.1625
2026-04-26,11,-50.0
2026-04-26,12,-50.0
2026-04-26,13,-25.495
2026-04-26,14,-12.5725
2026-04-26,15,-0.0775
2026-04-26,16,-0.7799999999999999
2026-04-26,17,9.5125
2026-04-26,18,94.2375
2026-04-26,19,109.7625
2026-04-26,20,106.5875
2026-04-26,21,116.5225
2026-04-26,22,122.9875
2026-04-26,23,125.545
2026-04-27,0,123.1725
2026-04-27,1,118.3575
2026-04-27,2,118.12
2026-04-27,3,118.6025
2026-04-27,4,123.01
2026-04-27,5,128.16
2026-04-27,6,147.785
2026-04-27,7,95.37
2026-04-27,8,0.0075
2026-04-27,9,-0.78
2026-04-27,10,-1.505
2026-04-27,11,-0.1
2026-04-27,12,-0.1325
2026-04-27,13,-0.83
2026-04-27,14,-0.1625
2026-04-27,15,-0.0025
2026-04-27,16,16.645
2026-04-27,17,114.5275
2026-04-27,18,127.1075
2026-04-27,19,114.965
2026-04-27,20,173.97
2026-04-27,21,153.755
2026-04-27,22,129.3525
2026-04-27,23,122.145
2026-04-28,0,118.1325
2026-04-28,1,114.205
2026-04-28,2,111.01
2026-04-28,3,111.2175
2026-04-28,4,113.8275
2026-04-28,5,120.6425
2026-04-28,6,131.81
2026-04-28,7,86.14
2026-04-28,8,2.755
2026-04-28,9,-0.775
2026-04-28,10,-2.1275
2026-04-28,11,-0.7675
2026-04-28,12,-0.99
2026-04-28,13,-0.5475
2026-04-28,14,-0.0775
2026-04-28,15,-0.0025
2026-04-28,16,13.565
2026-04-28,17,104.0325
2026-04-28,18,149.14
2026-04-28,19,148.5075
2026-04-28,20,117.905
2026-04-28,21,117.1325
2026-04-28,22,133.68
2026-04-28,23,127.37
2026-04-29,0,140.8625
2026-04-29,1,134.11
2026-04-29,2,133.13
2026-04-29,3,127.6275
2026-04-29,4,127.3025
2026-04-29,5,128.32999999999998
2026-04-29,6,159.4825
2026-04-29,7,127.6025
2026-04-29,8,70.2425
2026-04-29,9,0.0025
2026-04-29,10,-0.01
2026-04-29,11,-0.0025
2026-04-29,12,0.0
2026-04-29,13,0.0
2026-04-29,14,0.0
2026-04-29,15,0.0025
2026-04-29,16,68.9075
2026-04-29,17,149.5075
2026-04-29,18,146.7425
2026-04-29,19,194.1175
2026-04-29,20,169.8725
2026-04-29,21,172.97
2026-04-29,22,137.065
2026-04-29,23,140.3525
2026-04-30,0,119.1875
2026-04-30,1,112.935
2026-04-30,2,108.8775
2026-04-30,3,109.255
2026-04-30,4,114.39
2026-04-30,5,125.65
2026-04-30,6,133.3475
2026-04-30,7,121.525
2026-04-30,8,104.59
2026-04-30,9,43.695
2026-04-30,10,0.0175
2026-04-30,11,4.065
2026-04-30,12,1.0
2026-04-30,13,0.4875
2026-04-30,14,1.285
2026-04-30,15,0.68
2026-04-30,16,17.955
2026-04-30,17,114.3675
2026-04-30,18,125.235
2026-04-30,19,171.715
2026-04-30,20,157.64249999999998
2026-04-30,21,136.0025
2026-04-30,22,131.4125
2026-04-30,23,119.055
2026-05-01,0,113.8375
2026-05-01,1,109.84
2026-05-01,2,109.4475
2026-05-01,3,107.44
2026-05-01,4,102.6125
2026-05-01,5,99.2925
2026-05-01,6,71.795
2026-05-01,7,27.6525
2026-05-01,8,0.005
2026-05-01,9,0.0
2026-05-01,10,0.0
2026-05-01,11,0.0
2026-05-01,12,0.0
2026-05-01,13,0.0
2026-05-01,14,0.0
2026-05-01,15,0.0
2026-05-01,16,0.0
2026-05-01,17,42.5025
2026-05-01,18,78.5525
2026-05-01,19,84.0325
2026-05-01,20,71.57
2026-05-01,21,79.51249999999999
2026-05-01,22,105.8475
2026-05-01,23,103.94
2026-05-02,0,103.3625
2026-05-02,1,105.55
2026-05-02,2,100.8575
2026-05-02,3,85.0
2026-05-02,4,91.4275
2026-05-02,5,99.205
2026-05-02,6,88.3
2026-05-02,7,18.02
2026-05-02,8,0.0
2026-05-02,9,-1.5275
2026-05-02,10,-3.9
2026-05-02,11,-2.9725
2026-05-02,12,-3.9025
2026-05-02,13,-3.915
2026-05-02,14,-4.4675
2026-05-02,15,-0.52
2026-05-02,16,0.0075
2026-05-02,17,44.91
2026-05-02,18,124.7425
2026-05-02,19,128.5375
2026-05-02,20,132.33249999999998
2026-05-02,21,123.9375
2026-05-02,22,129.5625
2026-05-02,23,118.96
2026-05-03,0,114.5
2026-05-03,1,110.9375
2026-05-03,2,107.51
2026-05-03,3,109.6125
2026-05-03,4,108.635
2026-05-03,5,104.5075
2026-05-03,6,93.8
2026-05-03,7,54.8775
2026-05-03,8,0.0075
2026-05-03,9,0.0
2026-05-03,10,-0.0575
2026-05-03,11,-0.9575
2026-05-03,12,-5.2625
2026-05-03,13,-9.9925
2026-05-03,14,-8.094999999999999
2026-05-03,15,-2.975
2026-05-03,16,0.0
2026-05-03,17,49.88
2026-05-03,18,122.48
2026-05-03,19,140.155
2026-05-03,20,137.2775
2026-05-03,21,135.60750000000002
2026-05-03,22,136.27249999999998
2026-05-03,23,138.185
2026-05-04,0,122.3275
2026-05-04,1,107.9825
2026-05-04,2,110.98
2026-05-04,3,106.7175
2026-05-04,4,110.9675
2026-05-04,5,124.84
2026-05-04,6,143.68
2026-05-04,7,119.245
2026-05-04,8,40.4325
2026-05-04,9,0.0025
2026-05-04,10,0.0
2026-05-04,11,-0.0075
2026-05-04,12,-0.01
2026-05-04,13,-0.055
2026-05-04,14,-0.005
2026-05-04,15,0.0025
2026-05-04,16,52.4525
2026-05-04,17,134.0475
2026-05-04,18,171.995
2026-05-04,19,220.765
2026-05-04,20,255.5875
2026-05-04,21,219.355
2026-05-04,22,163.22
2026-05-04,23,170.14
2026-05-05,0,162.425
2026-05-05,1,144.5
2026-05-05,2,125.07
2026-05-05,3,125.2125
2026-05-05,4,126.9875
2026-05-05,5,139.4075
2026-05-05,6,150.52
2026-05-05,7,121.6
2026-05-05,8,23.74
2026-05-05,9,-0.005
2026-05-05,10,0.0
2026-05-05,11,0.0
2026-05-05,12,0.0
2026-05-05,13,0.0
2026-05-05,14,0.0
2026-05-05,15,0.0
2026-05-05,16,54.8125
2026-05-05,17,134.9925
2026-05-05,18,159.2125
2026-05-05,19,211.9675
2026-05-05,20,238.9475
2026-05-05,21,157.1175
2026-05-05,22,141.6175
2026-05-05,23,151.47
2026-05-06,0,164.94
2026-05-06,1,149.355
2026-05-06,2,149.3475
2026-05-06,3,157.9025
2026-05-06,4,170.615
2026-05-06,5,175.7425
2026-05-06,6,167.415
2026-05-06,7,144.2425
2026-05-06,8,50.51
2026-05-06,9,1.2525
2026-05-06,10,0.0
2026-05-06,11,0.0
2026-05-06,12,0.0
2026-05-06,13,0.0
2026-05-06,14,0.0
2026-05-06,15,0.0025
2026-05-06,16,61.34
2026-05-06,17,129.2575
2026-05-06,18,141.77
2026-05-06,19,179.58249999999998
2026-05-06,20,151.035
2026-05-06,21,159.505
2026-05-06,22,161.70749999999998
2026-05-06,23,156.76
2026-05-07,0,127.0225
2026-05-07,1,121.555
2026-05-07,2,115.4025
2026-05-07,3,117.2725
2026-05-07,4,137.5575
2026-05-07,5,156.9375
2026-05-07,6,145.5675
2026-05-07,7,146.0075
2026-05-07,8,119.2175
2026-05-07,9,26.0
2026-05-07,10,77.27000000000001
2026-05-07,11,114.195
2026-05-07,12,108.8425
2026-05-07,13,108.235
2026-05-07,14,105.975
2026-05-07,15,107.12
2026-05-07,16,115.56
2026-05-07,17,139.925
2026-05-07,18,153.085
2026-05-07,19,160.5125
2026-05-07,20,130.075
2026-05-07,21,122.9725
2026-05-07,22,119.335
2026-05-07,23,113.685
2026-05-08,0,138.84
2026-05-08,1,122.155
2026-05-08,2,120.1525
2026-05-08,3,121.2175
2026-05-08,4,123.935
2026-05-08,5,148.2
2026-05-08,6,147.1875
2026-05-08,7,137.8775
2026-05-08,8,144.04
2026-05-08,9,120.0075
2026-05-08,10,108.7225
2026-05-08,11,94.8675
2026-05-08,12,103.5075
2026-05-08,13,62.9125
2026-05-08,14,68.6125
2026-05-08,15,87.7825
2026-05-08,16,101.4125
2026-05-08,17,117.4525
2026-05-08,18,146.3825
2026-05-08,19,126.515
2026-05-08,20,120.12
2026-05-08,21,156.345
2026-05-08,22,157.9875
2026-05-08,23,154.12
2026-05-09,0,171.27249999999998
2026-05-09,1,166.29
2026-05-09,2,168.54
2026-05-09,3,147.2
2026-05-09,4,173.54
2026-05-09,5,172.79
2026-05-09,6,146.5125
2026-05-09,7,123.395
2026-05-09,8,106.015
2026-05-09,9,33.29
2026-05-09,10,0.0
2026-05-09,11,0.0025
2026-05-09,12,0.0
2026-05-09,13,0.0
2026-05-09,14,0.0
2026-05-09,15,0.0
2026-05-09,16,29.97
2026-05-09,17,101.775
2026-05-09,18,146.3625
2026-05-09,19,187.54
2026-05-09,20,216.945
2026-05-09,21,185.7625
2026-05-09,22,164.8
2026-05-09,23,174.305
2026-05-10,0,162.025
2026-05-10,1,148.3775
2026-05-10,2,133.81
2026-05-10,3,131.7625
2026-05-10,4,134.4425
2026-05-10,5,140.0425
2026-05-10,6,122.64
2026-05-10,7,107.0625
2026-05-10,8,52.2225
2026-05-10,9,-0.0025
2026-05-10,10,-0.0175
2026-05-10,11,0.0
2026-05-10,12,-0.005
2026-05-10,13,-0.01
2026-05-10,14,-0.0025
2026-05-10,15,0.0
2026-05-10,16,28.9675
2026-05-10,17,110.5075
2026-05-10,18,140.04500000000002
2026-05-10,19,175.91
2026-05-10,20,151.0425
2026-05-10,21,129.47
2026-05-10,22,179.64499999999998
2026-05-10,23,158.725
2026-05-11,0,136.615
2026-05-11,1,119.485
2026-05-11,2,117.5975
2026-05-11,3,119.5875
2026-05-11,4,143.5675
2026-05-11,5,166.1125
2026-05-11,6,173.5775
2026-05-11,7,121.75
2026-05-11,8,106.62
2026-05-11,9,0.0075
2026-05-11,10,0.0
2026-05-11,11,0.0
2026-05-11,12,0.0
2026-05-11,13,0.0
2026-05-11,14,0.0
2026-05-11,15,0.0
2026-05-11,16,76.94
2026-05-11,17,144.045
2026-05-11,18,162.3175
2026-05-11,19,166.0575
2026-05-11,20,149.345
2026-05-11,21,136.84
2026-05-11,22,124.1375
2026-05-11,23,166.38
2026-05-12,0,118.9875
2026-05-12,1,109.545
2026-05-12,2,109.6875
2026-05-12,3,114.3925
2026-05-12,4,127.7975
2026-05-12,5,157.4925
2026-05-12,6,154.0025
2026-05-12,7,105.6475
2026-05-12,8,52.3525
2026-05-12,9,-0.0025
2026-05-12,10,-0.0175
2026-05-12,11,-0.015
2026-05-12,12,-0.08
2026-05-12,13,-0.1
2026-05-12,14,-0.1
2026-05-12,15,-0.08
2026-05-12,16,0.0
2026-05-12,17,71.6925
2026-05-12,18,122.77
2026-05-12,19,151.20749999999998
2026-05-12,20,125.565
2026-05-12,21,129.7575
2026-05-12,22,122.83
2026-05-12,23,122.3525
2026-05-13,0,113.7
2026-05-13,1,115.8075
2026-05-13,2,113.265
2026-05-13,3,133.25
2026-05-13,4,138.4325
2026-05-13,5,148.0225
2026-05-13,6,154.54250000000002
2026-05-13,7,139.6325
2026-05-13,8,100.0025
2026-05-13,9,9.3675
2026-05-13,10,0.0075
2026-05-13,11,0.01
2026-05-13,12,0.005
2026-05-13,13,0.0
2026-05-13,14,0.01
2026-05-13,15,13.005
2026-05-13,16,99.02
2026-05-13,17,120.94
2026-05-13,18,157.1275
2026-05-13,19,146.10750000000002
2026-05-13,20,134.4775
2026-05-13,21,149.64499999999998
2026-05-13,22,132.6725
2026-05-13,23,160.965
2026-05-14,0,126.285
2026-05-14,1,123.55
2026-05-14,2,123.175
2026-05-14,3,131.345
2026-05-14,4,136.395
2026-05-14,5,136.9575
2026-05-14,6,141.9975
2026-05-14,7,121.2575
2026-05-14,8,107.96
2026-05-14,9,26.2475
2026-05-14,10,0.01
2026-05-14,11,0.0375
2026-05-14,12,0.0125
2026-05-14,13,0.01
2026-05-14,14,0.005
2026-05-14,15,0.0125
2026-05-14,16,76.3125
2026-05-14,17,111.2525
2026-05-14,18,158.3675
2026-05-14,19,155.63
2026-05-14,20,172.4325
2026-05-14,21,142.99
2026-05-14,22,136.96
2026-05-14,23,135.99
2026-05-15,0,133.6
2026-05-15,1,126.2275
2026-05-15,2,123.4375
2026-05-15,3,124.4975
2026-05-15,4,131.9225
2026-05-15,5,134.76
2026-05-15,6,142.19
2026-05-15,7,127.695
2026-05-15,8,106.97
2026-05-15,9,0.0075
2026-05-15,10,0.0
2026-05-15,11,0.0
2026-05-15,12,0.0
2026-05-15,13,0.0
2026-05-15,14,0.0
2026-05-15,15,0.0
2026-05-15,16,26.012500000000003
2026-05-15,17,127.5225
2026-05-15,18,141.2375
2026-05-15,19,157.3425
2026-05-15,20,165.6
2026-05-15,21,147.07999999999998
2026-05-15,22,144.0
2026-05-15,23,139.54
2026-05-16,0,127.3375
2026-05-16,1,125.9925
2026-05-16,2,125.7875
2026-05-16,3,121.575
2026-05-16,4,126.0
2026-05-16,5,113.72
2026-05-16,6,109.39
2026-05-16,7,104.075
2026-05-16,8,72.16
2026-05-16,9,7.47
2026-05-16,10,7.075
2026-05-16,11,11.125
2026-05-16,12,7.015
2026-05-16,13,7.39
2026-05-16,14,6.1525
2026-05-16,15,6.9275
2026-05-16,16,20.9975
2026-05-16,17,65.3425
2026-05-16,18,109.475
2026-05-16,19,108.6425
2026-05-16,20,122.1875
2026-05-16,21,121.06
2026-05-16,22,123.9975
2026-05-16,23,129.855
2026-05-17,0,124.3325
2026-05-17,1,120.24
2026-05-17,2,117.8875
2026-05-17,3,117.1175
2026-05-17,4,111.455
2026-05-17,5,107.74
2026-05-17,6,100.84
2026-05-17,7,25.53
2026-05-17,8,-0.0025
2026-05-17,9,-0.055
2026-05-17,10,-0.88
2026-05-17,11,-0.3
2026-05-17,12,-0.3
2026-05-17,13,-0.5
2026-05-17,14,-0.2
2026-05-17,15,-0.035
2026-05-17,16,0.0075
2026-05-17,17,94.9325
2026-05-17,18,136.715
2026-05-17,19,137.4675
2026-05-17,20,144.225
2026-05-17,21,146.325
2026-05-17,22,155.0475
2026-05-17,23,167.33
2026-05-18,0,125.8225
2026-05-18,1,123.4625
2026-05-18,2,129.21
2026-05-18,3,126.035
2026-05-18,4,125.105
2026-05-18,5,134.98250000000002
2026-05-18,6,133.6325
2026-05-18,7,108.565
2026-05-18,8,50.24
2026-05-18,9,0.0
2026-05-18,10,0.0
2026-05-18,11,0.0
2026-05-18,12,0.0
2026-05-18,13,0.01
2026-05-18,14,0.01
2026-05-18,15,1.0075
2026-05-18,16,57.3
2026-05-18,17,131.8325
2026-05-18,18,167.975
2026-05-18,19,211.295
2026-05-18,20,247.88
2026-05-18,21,201.84
2026-05-18,22,161.6875
2026-05-18,23,152.925
2026-05-19,0,151.8425
2026-05-19,1,137.965
2026-05-19,2,136.95
2026-05-19,3,136.95
2026-05-19,4,149.745
2026-05-19,5,154.7925
2026-05-19,6,172.6725
2026-05-19,7,122.0725
2026-05-19,8,118.2575
2026-05-19,9,104.5
2026-05-19,10,85.115
2026-05-19,11,87.09
2026-05-19,12,78.2075
2026-05-19,13,78.58
2026-05-19,14,87.2975
2026-05-19,15,98.4975
2026-05-19,16,110.6325
2026-05-19,17,136.33249999999998
2026-05-19,18,182.5125
2026-05-19,19,175.98
2026-05-19,20,189.5125
2026-05-19,21,140.7725
2026-05-19,22,128.27
2026-05-19,23,142.95
2026-05-20,0,111.46
2026-05-20,1,106.87
2026-05-20,2,60.475
2026-05-20,3,13.14
2026-05-20,4,76.25
2026-05-20,5,105.3775
2026-05-20,6,78.14
2026-05-20,7,0.005
2026-05-20,8,0.0
2026-05-20,9,-0.01
2026-05-20,10,-0.08
2026-05-20,11,-0.0075
2026-05-20,12,0.0
2026-05-20,13,0.0
2026-05-20,14,0.0
2026-05-20,15,0.0
2026-05-20,16,27.6375
2026-05-20,17,109.8975
2026-05-20,18,139.625
2026-05-20,19,159.585
2026-05-20,20,193.155
2026-05-20,21,153.0625
2026-05-20,22,135.0075
2026-05-20,23,144.70749999999998
2026-05-21,0,127.465
2026-05-21,1,119.78
2026-05-21,2,116.41
2026-05-21,3,115.2375
2026-05-21,4,115.4325
2026-05-21,5,120.0
2026-05-21,6,116.29
2026-05-21,7,88.19
2026-05-21,8,26.59
2026-05-21,9,-0.005
2026-05-21,10,0.0
2026-05-21,11,0.0
2026-05-21,12,0.0
2026-05-21,13,0.0
2026-05-21,14,0.0075
2026-05-21,15,1.13
2026-05-21,16,76.745
2026-05-21,17,106.255
2026-05-21,18,155.8425
2026-05-21,19,168.6925
2026-05-21,20,208.795
2026-05-21,21,189.78
2026-05-21,22,163.515
2026-05-21,23,167.6325
2026-05-22,0,158.03750000000002
2026-05-22,1,140.2375
2026-05-22,2,132.6175
2026-05-22,3,132.9275
2026-05-22,4,136.765
2026-05-22,5,139.45
2026-05-22,6,142.4225
2026-05-22,7,104.465
2026-05-22,8,80.0525
2026-05-22,9,0.005
2026-05-22,10,0.0025
2026-05-22,11,0.1025
2026-05-22,12,0.01
2026-05-22,13,0.6499999999999999
2026-05-22,14,1.1
2026-05-22,15,22.2275
2026-05-22,16,77.2075
2026-05-22,17,114.1325
2026-05-22,18,136.79500000000002
2026-05-22,19,136.245
2026-05-22,20,120.89
2026-05-22,21,126.8975
2026-05-22,22,147.5
2026-05-22,23,166.36
2026-05-23,0,118.4675
2026-05-23,1,128.3725
2026-05-23,2,131.32
2026-05-23,3,129.79
2026-05-23,4,127.8325
2026-05-23,5,125.61
2026-05-23,6,90.07
2026-05-23,7,71.9275
2026-05-23,8,0.005
2026-05-23,9,-0.0025
2026-05-23,10,-0.3325
2026-05-23,11,-0.01
2026-05-23,12,-0.01
2026-05-23,13,-0.01
2026-05-23,14,-0.01
2026-05-23,15,-2.085
2026-05-23,16,-0.27
2026-05-23,17,45.99
2026-05-23,18,135.4375
2026-05-23,19,157.38
2026-05-23,20,109.85
2026-05-23,21,119.655
2026-05-23,22,116.8225
2026-05-23,23,119.775
2026-05-24,0,115.0625
2026-05-24,1,119.5325
2026-05-24,2,118.27
2026-05-24,3,118.7275
2026-05-24,4,116.6125
2026-05-24,5,115.6075
2026-05-24,6,0.0
2026-05-24,7,-0.0025
2026-05-24,8,-0.0325
2026-05-24,9,-4.2075
2026-05-24,10,-3.5025
2026-05-24,11,-5.0
2026-05-24,12,-4.3675
2026-05-24,13,-3.0075
2026-05-24,14,-2.4425
2026-05-24,15,-4.45
2026-05-24,16,-1.95
2026-05-24,17,17.1825
2026-05-24,18,125.265
2026-05-24,19,137.64
2026-05-24,20,136.44
2026-05-24,21,114.6975
2026-05-24,22,120.9725
2026-05-24,23,120.24
2026-05-25,0,112.2025
2026-05-25,1,110.4225
2026-05-25,2,111.2
2026-05-25,3,110.305
2026-05-25,4,110.4075
2026-05-25,5,112.3825
2026-05-25,6,117.275
2026-05-25,7,65.2875
2026-05-25,8,0.005
2026-05-25,9,-0.005
2026-05-25,10,-0.01
2026-05-25,11,0.0
2026-05-25,12,0.0
2026-05-25,13,0.0
2026-05-25,14,0.0
2026-05-25,15,0.0
2026-05-25,16,16.482499999999998
2026-05-25,17,83.3825
2026-05-25,18,117.205
2026-05-25,19,128.3975
2026-05-25,20,130.04
2026-05-25,21,131.785
2026-05-25,22,158.14
2026-05-25,23,147.6625
2026-05-26,0,124.9525
2026-05-26,1,125.28
2026-05-26,2,124.3275
2026-05-26,3,125.1475
2026-05-26,4,122.7925
2026-05-26,5,132.345
2026-05-26,6,140.3075
2026-05-26,7,111.38
2026-05-26,8,2.5025
2026-05-26,9,0.0
2026-05-26,10,-0.005
2026-05-26,11,0.0
2026-05-26,12,0.0
2026-05-26,13,0.0
2026-05-26,14,0.0
2026-05-26,15,0.0
2026-05-26,16,27.8925
2026-05-26,17,99.91
2026-05-26,18,132.54250000000002
2026-05-26,19,141.0425
2026-05-26,20,154.675
2026-05-26,21,160.54500000000002
2026-05-26,22,135.36
2026-05-26,23,169.115
2026-05-27,0,125.54
2026-05-27,1,126.1025
2026-05-27,2,125.46
2026-05-27,3,124.92
2026-05-27,4,125.935
2026-05-27,5,131.3625
2026-05-27,6,119.2325
2026-05-27,7,108.6475
2026-05-27,8,6.25
2026-05-27,9,-0.0075
2026-05-27,10,-0.01
2026-05-27,11,0.0
2026-05-27,12,0.0
2026-05-27,13,0.0
2026-05-27,14,0.0
2026-05-27,15,0.005
2026-05-27,16,40.98
2026-05-27,17,104.60750000000002
2026-05-27,18,177.3875
2026-05-27,19,228.53
2026-05-27,20,228.5325
2026-05-27,21,211.0075
2026-05-27,22,165.4875
2026-05-27,23,153.4525
2026-05-28,0,136.455
2026-05-28,1,131.8625
2026-05-28,2,130.6125
2026-05-28,3,131.7875
2026-05-28,4,133.20999999999998
2026-05-28,5,137.76749999999998
2026-05-28,6,141.14
2026-05-28,7,117.72
2026-05-28,8,87.7525
2026-05-28,9,0.005
2026-05-28,10,0.0
2026-05-28,11,0.0
2026-05-28,12,0.0025
2026-05-28,13,0.0075
2026-05-28,14,0.0125
2026-05-28,15,1.3
2026-05-28,16,41.0
2026-05-28,17,104.4575
2026-05-28,18,131.8225
2026-05-28,19,166.805
2026-05-28,20,164.175
2026-05-28,21,128.5625
2026-05-28,22,136.54
2026-05-28,23,128.375
2026-05-29,0,125.84
2026-05-29,1,126.04
2026-05-29,2,128.585
2026-05-29,3,127.115
2026-05-29,4,126.4575
2026-05-29,5,126.1375
2026-05-29,6,125.505
2026-05-29,7,91.3975
2026-05-29,8,0.0025
2026-05-29,9,-0.0025
2026-05-29,10,0.0
2026-05-29,11,0.0
2026-05-29,12,0.0
2026-05-29,13,0.0
2026-05-29,14,0.0
2026-05-29,15,0.0
2026-05-29,16,44.2725
2026-05-29,17,104.9125
2026-05-29,18,139.435
2026-05-29,19,150.98000000000002
2026-05-29,20,159.115
2026-05-29,21,156.53
2026-05-29,22,141.21
2026-05-29,23,136.9825
2026-05-30,0,170.8825
2026-05-30,1,168.34
2026-05-30,2,166.84
2026-05-30,3,163.9775
2026-05-30,4,132.6675
2026-05-30,5,131.1525
2026-05-30,6,121.1075
2026-05-30,7,88.545
2026-05-30,8,4.79
2026-05-30,9,0.0
2026-05-30,10,-0.01
2026-05-30,11,-0.005
2026-05-30,12,-0.0425
2026-05-30,13,-1.1675
2026-05-30,14,-0.32
2026-05-30,15,-0.01
2026-05-30,16,3.0075
2026-05-30,17,70.36500000000001
2026-05-30,18,157.0325
2026-05-30,19,175.715
2026-05-30,20,184.3675
2026-05-30,21,182.22
2026-05-30,22,155.0675
2026-05-30,23,148.32
2026-05-31,0,139.3275
2026-05-31,1,132.0475
2026-05-31,2,130.9325
2026-05-31,3,132.5075
2026-05-31,4,134.995
2026-05-31,5,130.855
2026-05-31,6,120.0275
2026-05-31,7,103.8675
2026-05-31,8,44.4675
2026-05-31,9,0.0
2026-05-31,10,-0.0075
2026-05-31,11,0.0
2026-05-31,12,-0.005
2026-05-31,13,-0.01
2026-05-31,14,-0.01
2026-05-31,15,0.0
2026-05-31,16,53.485
2026-05-31,17,104.1
2026-05-31,18,137.735
2026-05-31,19,147.495
2026-05-31,20,146.605
2026-05-31,21,143.905
2026-05-31,22,155.1275
2026-05-31,23,139.28
2026-06-01,0,136.3075
2026-06-01,1,133.35500000000002
2026-06-01,2,128.74
2026-06-01,3,126.45
2026-06-01,4,125.1525
2026-06-01,5,135.6025
2026-06-01,6,146.38
2026-06-01,7,130.6575
2026-06-01,8,83.8775
2026-06-01,9,0.0025
2026-06-01,10,0.0
2026-06-01,11,0.0
2026-06-01,12,0.0
2026-06-01,13,0.0
2026-06-01,14,0.005
2026-06-01,15,11.0025
2026-06-01,16,110.3975
2026-06-01,17,134.85000000000002
2026-06-01,18,158.4325
2026-06-01,19,134.5325
2026-06-01,20,155.075
2026-06-01,21,170.0
2026-06-01,22,155.055
2026-06-01,23,154.9775
2026-06-02,0,139.76999999999998
2026-06-02,1,136.3
2026-06-02,2,132.865
2026-06-02,3,129.1225
2026-06-02,4,128.9525
2026-06-02,5,132.65
2026-06-02,6,138.96
2026-06-02,7,120.975
2026-06-02,8,91.835
2026-06-02,9,0.005
2026-06-02,10,0.005
2026-06-02,11,0.01
2026-06-02,12,0.01
2026-06-02,13,0.01
2026-06-02,14,0.01
2026-06-02,15,36.5075
2026-06-02,16,113.1875
2026-06-02,17,123.33
2026-06-02,18,148.38
2026-06-02,19,162.12
2026-06-02,20,162.4825
2026-06-02,21,143.305
2026-06-02,22,137.5325
2026-06-02,23,133.085
2026-06-03,0,125.415
2026-06-03,1,117.31
2026-06-03,2,115.1175
2026-06-03,3,113.9525
2026-06-03,4,114.4425
2026-06-03,5,120.495
2026-06-03,6,138.2775
2026-06-03,7,122.53
2026-06-03,8,93.7375
2026-06-03,9,12.505
2026-06-03,10,0.0025
2026-06-03,11,1.31
2026-06-03,12,0.01
2026-06-03,13,0.01
2026-06-03,14,0.01
2026-06-03,15,0.0125
2026-06-03,16,48.3625
2026-06-03,17,114.08
2026-06-03,18,130.3225
2026-06-03,19,140.0075
2026-06-03,20,147.51
2026-06-03,21,141.535
2026-06-03,22,129.545
2026-06-03,23,130.87
2026-06-04,0,116.235
2026-06-04,1,116.245
2026-06-04,2,87.2525
2026-06-04,3,109.97
2026-06-04,4,107.5225
2026-06-04,5,90.1375
2026-06-04,6,113.9725
2026-06-04,7,99.56
2026-06-04,8,80.24000000000001
2026-06-04,9,34.25
2026-06-04,10,9.94
2026-06-04,11,16.0
2026-06-04,12,15.9975
2026-06-04,13,25.945
2026-06-04,14,28.6
2026-06-04,15,9.975
2026-06-04,16,31.995
2026-06-04,17,84.61500000000001
2026-06-04,18,123.5175
2026-06-04,19,164.4325
2026-06-04,20,193.1775
2026-06-04,21,179.79
2026-06-04,22,170.6225
2026-06-04,23,175.185
2026-06-05,0,119.435
2026-06-05,1,124.1075
2026-06-05,2,113.2975
2026-06-05,3,120.17
2026-06-05,4,125.575
2026-06-05,5,168.335
2026-06-05,6,144.755
2026-06-05,7,125.17
2026-06-05,8,115.12
2026-06-05,9,97.8725
2026-06-05,10,88.87
2026-06-05,11,72.565
2026-06-05,12,54.85
2026-06-05,13,43.34
2026-06-05,14,32.0625
2026-06-05,15,46.4875
2026-06-05,16,78.76
2026-06-05,17,117.2375
2026-06-05,18,142.61
2026-06-05,19,157.5125
2026-06-05,20,179.0
2026-06-05,21,176.5425
2026-06-05,22,162.085
2026-06-05,23,146.8275
2026-06-06,0,143.2025
2026-06-06,1,135.7225
2026-06-06,2,136.315
2026-06-06,3,117.74
2026-06-06,4,139.23
2026-06-06,5,129.4225
2026-06-06,6,108.48
2026-06-06,7,84.5775
2026-06-06,8,31.775
2026-06-06,9,0.5025
2026-06-06,10,0.0
2026-06-06,11,0.01
2026-06-06,12,0.0
2026-06-06,13,0.0
2026-06-06,14,0.0125
2026-06-06,15,4.935
2026-06-06,16,49.8275
2026-06-06,17,83.8075
2026-06-06,18,128.8725
2026-06-06,19,131.4875
2026-06-06,20,133.935
2026-06-06,21,137.54
2026-06-06,22,131.81
2026-06-06,23,138.0075
2026-06-07,0,123.375
2026-06-07,1,115.435
2026-06-07,2,111.685
2026-06-07,3,113.15
2026-06-07,4,95.07
2026-06-07,5,56.6425
2026-06-07,6,20.9475
2026-06-07,7,0.46
2026-06-07,8,-0.0075
2026-06-07,9,-2.6475
2026-06-07,10,-4.995
2026-06-07,11,-1.73
2026-06-07,12,-1.0
2026-06-07,13,-1.9075
2026-06-07,14,-1.5074999999999998
2026-06-07,15,-4.6725
2026-06-07,16,-0.2825
2026-06-07,17,29.6975
2026-06-07,18,104.855
2026-06-07,19,117.3075
2026-06-07,20,120.19
2026-06-07,21,128.67000000000002
2026-06-07,22,136.86
2026-06-07,23,132.985
2026-06-08,0,136.7275
2026-06-08,1,130.06
2026-06-08,2,121.61
2026-06-08,3,117.4475
2026-06-08,4,116.59
2026-06-08,5,115.68
2026-06-08,6,124.6775
2026-06-08,7,81.4175
2026-06-08,8,48.58
2026-06-08,9,-0.01
2026-06-08,10,-0.01
2026-06-08,11,-0.01
2026-06-08,12,-0.005
2026-06-08,13,5.6425
2026-06-08,14,56.6525
2026-06-08,15,72.27
2026-06-08,16,98.8225
2026-06-08,17,125.0025
2026-06-08,18,157.235
2026-06-08,19,172.3275
2026-06-08,20,171.8375
2026-06-08,21,157.65
2026-06-08,22,137.435
2026-06-08,23,142.5325
2026-06-09,0,161.215
2026-06-09,1,129.3225
2026-06-09,2,136.5225
2026-06-09,3,131.8625
2026-06-09,4,148.84
2026-06-09,5,133.4075
2026-06-09,6,137.9975
2026-06-09,7,140.7875
2026-06-09,8,79.80499999999999
2026-06-09,9,3.1875
2026-06-09,10,-0.0075
2026-06-09,11,56.2825
2026-06-09,12,34.7475
2026-06-09,13,37.325
2026-06-09,14,41.27
2026-06-09,15,68.43
2026-06-09,16,93.015
2026-06-09,17,136.2
2026-06-09,18,161.2275
2026-06-09,19,184.515
2026-06-09,20,196.785
2026-06-09,21,189.1125
2026-06-09,22,174.64
2026-06-09,23,170.635
2026-06-10,0,130.86249999999998
2026-06-10,1,121.7025
2026-06-10,2,117.3275
2026-06-10,3,119.935
2026-06-10,4,122.2675
2026-06-10,5,126.485
2026-06-10,6,138.4175
2026-06-10,7,118.29
2026-06-10,8,36.8575
2026-06-10,9,0.0
2026-06-10,10,-0.01
2026-06-10,11,0.0025
2026-06-10,12,19.2325
2026-06-10,13,61.9125
2026-06-10,14,81.72
2026-06-10,15,78.1825
2026-06-10,16,113.0575
2026-06-10,17,136.82
2026-06-10,18,156.6275
2026-06-10,19,167.2575
2026-06-10,20,180.0
2026-06-10,21,173.105
2026-06-10,22,155.2025
2026-06-10,23,144.2275
2026-06-11,0,128.7775
2026-06-11,1,122.0525
2026-06-11,2,118.36
2026-06-11,3,119.84
2026-06-11,4,120.4875
2026-06-11,5,118.6075
2026-06-11,6,123.38
2026-06-11,7,121.2475
2026-06-11,8,106.55
2026-06-11,9,64.38
2026-06-11,10,36.5975
2026-06-11,11,35.9375
2026-06-11,12,33.47
2026-06-11,13,25.08
2026-06-11,14,24.2325
2026-06-11,15,40.9475
2026-06-11,16,81.3675
2026-06-11,17,109.9775
2026-06-11,18,137.0025
2026-06-11,19,160.0025
2026-06-11,20,160.12
2026-06-11,21,158.4775
2026-06-11,22,135.565
2026-06-11,23,135.4025
2026-06-12,0,148.1275
2026-06-12,1,131.79250000000002
2026-06-12,2,124.4875
2026-06-12,3,118.375
2026-06-12,4,110.4775
2026-06-12,5,130.7975
2026-06-12,6,138.495
2026-06-12,7,129.0725
2026-06-12,8,123.9425
2026-06-12,9,103.9625
2026-06-12,10,95.4375
2026-06-12,11,97.8625
2026-06-12,12,88.77250000000001
2026-06-12,13,77.97749999999999
2026-06-12,14,110.02
2026-06-12,15,124.98
2026-06-12,16,83.4775
2026-06-12,17,114.1825
2026-06-12,18,126.105
2026-06-12,19,138.1875
2026-06-12,20,131.085
2026-06-12,21,123.95
2026-06-12,22,117.8575
2026-06-12,23,104.9675
2026-06-13,0,95.0525
2026-06-13,1,83.8425
2026-06-13,2,73.39
2026-06-13,3,79.68
2026-06-13,4,76.9425
2026-06-13,5,63.27
2026-06-13,6,35.3825
2026-06-13,7,13.655
2026-06-13,8,-0.025
2026-06-13,9,-1.1075
2026-06-13,10,-4.9175
2026-06-13,11,-7.9975
2026-06-13,12,-4.575
2026-06-13,13,-5.05
2026-06-13,14,-9.6325
2026-06-13,15,-24.9675
2026-06-13,16,-6.0
2026-06-13,17,10.0475
2026-06-13,18,91.625
2026-06-13,19,114.0725
2026-06-13,20,126.3075
2026-06-13,21,122.0075
2026-06-13,22,130.96249999999998
2026-06-13,23,140.4775
2026-06-14,0,129.12
2026-06-14,1,119.12
2026-06-14,2,113.6725
2026-06-14,3,106.09
2026-06-14,4,93.8775
2026-06-14,5,59.14
2026-06-14,6,15.63
2026-06-14,7,0.4599999999999999
2026-06-14,8,-0.3475
2026-06-14,9,-2.8325
2026-06-14,10,-4.6175
2026-06-14,11,-6.1275
2026-06-14,12,-3.5
2026-06-14,13,-6.3
2026-06-14,14,-5.3
2026-06-14,15,-7.814999999999999
2026-06-14,16,-1.535
2026-06-14,17,4.08
2026-06-14,18,154.4325
2026-06-14,19,146.08249999999998
2026-06-14,20,142.97
2026-06-14,21,138.5775
2026-06-14,22,115.055
2026-06-14,23,134.81
2026-06-15,0,106.99
2026-06-15,1,94.875
2026-06-15,2,99.595
2026-06-15,3,110.0
2026-06-15,4,106.89
2026-06-15,5,122.75
2026-06-15,6,120.87
2026-06-15,7,113.2875
2026-06-15,8,82.0075
2026-06-15,9,10.07
2026-06-15,10,1.485
2026-06-15,11,7.455
2026-06-15,12,6.44
2026-06-15,13,5.605
2026-06-15,14,6.64
2026-06-15,15,11.1325
2026-06-15,16,38.225
2026-06-15,17,109.755
2026-06-15,18,163.1225
2026-06-15,19,143.8525
2026-06-15,20,163.7225
2026-06-15,21,160.0325
2026-06-15,22,153.7925
2026-06-15,23,143.325
2026-06-16,0,137.41750000000002
2026-06-16,1,120.685
2026-06-16,2,115.68
2026-06-16,3,115.31
2026-06-16,4,115.5125
2026-06-16,5,122.06
2026-06-16,6,127.9925
2026-06-16,7,131.695
2026-06-16,8,112.605
2026-06-16,9,64.49000000000001
2026-06-16,10,37.5525
2026-06-16,11,22.2225
2026-06-16,12,37.43
2026-06-16,13,26.8675
2026-06-16,14,36.4575
2026-06-16,15,54.307500000000005
2026-06-16,16,83.52250000000001
2026-06-16,17,117.7725
2026-06-16,18,134.93
2026-06-16,19,129.77
2026-06-16,20,138.64249999999998
2026-06-16,21,127.6825
2026-06-16,22,154.7525
2026-06-16,23,156.6025
2026-06-17,0,154.03
2026-06-17,1,136.0125
2026-06-17,2,129.91750000000002
2026-06-17,3,128.29500000000002
2026-06-17,4,128.5075
2026-06-17,5,129.3725
2026-06-17,6,143.1375
2026-06-17,7,138.6825
2026-06-17,8,122.4475
2026-06-17,9,95.9175
2026-06-17,10,64.64
2026-06-17,11,72.2775
2026-06-17,12,65.7525
2026-06-17,13,51.23
2026-06-17,14,62.3425
2026-06-17,15,75.3125
2026-06-17,16,90.635
2026-06-17,17,116.925
2026-06-17,18,161.8275
2026-06-17,19,164.34
2026-06-17,20,167.1975
2026-06-17,21,162.5775
2026-06-17,22,158.60750000000002
2026-06-17,23,143.45749999999998
2026-06-18,0,136.845
2026-06-18,1,126.7525
2026-06-18,2,122.745
2026-06-18,3,121.1975
2026-06-18,4,120.785
2026-06-18,5,122.33
2026-06-18,6,118.7175
2026-06-18,7,47.7175
2026-06-18,8,2.745
2026-06-18,9,-0.01
2026-06-18,10,-0.01
2026-06-18,11,-0.01
2026-06-18,12,-0.01
2026-06-18,13,-0.01
2026-06-18,14,-0.01
2026-06-18,15,-0.01
2026-06-18,16,16.459999999999997
2026-06-18,17,102.235
2026-06-18,18,136.0875
2026-06-18,19,129.9025
2026-06-18,20,130.16750000000002
2026-06-18,21,117.1325
2026-06-18,22,137.57999999999998
2026-06-18,23,154.5275
2026-06-19,0,125.2975
2026-06-19,1,123.02
2026-06-19,2,125.8525
2026-06-19,3,121.4525
2026-06-19,4,120.565
2026-06-19,5,119.56
2026-06-19,6,108.4075
2026-06-19,7,58.9625
2026-06-19,8,3.0575
2026-06-19,9,-0.01
2026-06-19,10,-0.01
2026-06-19,11,-0.01
2026-06-19,12,-0.01
2026-06-19,13,-0.01
2026-06-19,14,-0.01
2026-06-19,15,-0.01
2026-06-19,16,36.155
2026-06-19,17,107.6825
2026-06-19,18,127.645
2026-06-19,19,129.67
2026-06-19,20,131.5925
2026-06-19,21,123.9275
2026-06-19,22,143.495
2026-06-19,23,137.9475
2026-06-20,0,130.85
2026-06-20,1,121.1375
2026-06-20,2,118.6
2026-06-20,3,117.245
2026-06-20,4,115.255
2026-06-20,5,115.7775
2026-06-20,6,109.165
2026-06-20,7,30.0525
2026-06-20,8,-0.01
2026-06-20,9,-0.01
2026-06-20,10,-0.01
2026-06-20,11,-0.01
2026-06-20,12,-0.0125
2026-06-20,13,-0.0175
2026-06-20,14,-0.0125
2026-06-20,15,-0.01
2026-06-20,16,-0.005
2026-06-20,17,81.87
2026-06-20,18,115.4325
2026-06-20,19,124.2325
2026-06-20,20,122.4725
2026-06-20,21,116.4875
2026-06-20,22,114.6
2026-06-20,23,132.4175
2026-06-21,0,118.915
2026-06-21,1,126.555
2026-06-21,2,127.7475
2026-06-21,3,126.705
2026-06-21,4,124.945
2026-06-21,5,123.395
2026-06-21,6,98.555
2026-06-21,7,3.19
2026-06-21,8,-0.0125
2026-06-21,9,-0.08
2026-06-21,10,-0.775
2026-06-21,11,-0.01
2026-06-21,12,-0.02
2026-06-21,13,-0.02
2026-06-21,14,-0.02
2026-06-21,15,-0.0175
2026-06-21,16,-0.01
2026-06-21,17,74.46
2026-06-21,18,115.735
2026-06-21,19,115.105
2026-06-21,20,115.4375
2026-06-21,21,112.235
2026-06-21,22,125.7875
2026-06-21,23,134.5875
2026-06-22,0,128.88
2026-06-22,1,120.5925
2026-06-22,2,117.06
2026-06-22,3,118.27
2026-06-22,4,120.0225
2026-06-22,5,126.045
2026-06-22,6,134.875
2026-06-22,7,84.0175
2026-06-22,8,5.3
2026-06-22,9,-0.01
2026-06-22,10,-0.01
2026-06-22,11,-0.01
2026-06-22,12,-0.01
2026-06-22,13,-0.01
2026-06-22,14,-0.005
2026-06-22,15,0.005
2026-06-22,16,37.4675
2026-06-22,17,123.385
2026-06-22,18,156.6
2026-06-22,19,154.75
2026-06-22,20,148.72
2026-06-22,21,126.43
2026-06-22,22,133.05
2026-06-22,23,153.4025
2026-06-23,0,146.4675
2026-06-23,1,140.15
2026-06-23,2,135.9675
2026-06-23,3,136.87
2026-06-23,4,134.9975
2026-06-23,5,137.7425
2026-06-23,6,140.0025
2026-06-23,7,114.6775
2026-06-23,8,50.4075
2026-06-23,9,2.75
2026-06-23,10,0.0
2026-06-23,11,65.9725
2026-06-23,12,68.4275
2026-06-23,13,62.5775
2026-06-23,14,70.8825
2026-06-23,15,93.465
2026-06-23,16,123.4675
2026-06-23,17,142.3725
2026-06-23,18,189.71
2026-06-23,19,238.715
2026-06-23,20,183.3725
2026-06-23,21,229.875
2026-06-23,22,172.41
2026-06-23,23,187.2175
2026-06-24,0,164.11
2026-06-24,1,157.585
2026-06-24,2,145.6925
2026-06-24,3,141.015
2026-06-24,4,140.3175
2026-06-24,5,147.3025
2026-06-24,6,146.88
2026-06-24,7,135.02
2026-06-24,8,118.865
2026-06-24,9,101.4225
2026-06-24,10,53.0
2026-06-24,11,70.3875
2026-06-24,12,62.75
2026-06-24,13,91.3975
2026-06-24,14,98.0925
2026-06-24,15,109.255
2026-06-24,16,130.0
2026-06-24,17,151.14999999999998
2026-06-24,18,197.1175
2026-06-24,19,198.75
2026-06-24,20,177.31
2026-06-24,21,177.3075
2026-06-24,22,230.01
2026-06-24,23,211.73
2026-06-25,0,169.8175
2026-06-25,1,156.1025
2026-06-25,2,148.3675
2026-06-25,3,145.8625
2026-06-25,4,144.71
2026-06-25,5,147.855
2026-06-25,6,153.3025
2026-06-25,7,119.05
2026-06-25,8,20.91
2026-06-25,9,15.995
2026-06-25,10,56.645
2026-06-25,11,69.25
2026-06-25,12,45.9225
2026-06-25,13,38.325
2026-06-25,14,39.6725
2026-06-25,15,42.5
2026-06-25,16,109.7025
2026-06-25,17,143.4875
2026-06-25,18,205.4175
2026-06-25,19,207.82
2026-06-25,20,212.035
2026-06-25,21,169.52249999999998
2026-06-25,22,172.64749999999998
2026-06-25,23,177.0025
2026-06-26,0,147.93
2026-06-26,1,131.8025
2026-06-26,2,124.0075
2026-06-26,3,119.275
2026-06-26,4,119.4425
2026-06-26,5,126.4475
2026-06-26,6,139.525
2026-06-26,7,109.1
2026-06-26,8,15.995
2026-06-26,9,-0.0075
2026-06-26,10,-0.01
2026-06-26,11,0.0
2026-06-26,12,0.01
2026-06-26,13,6.26
2026-06-26,14,9.455
2026-06-26,15,15.505
2026-06-26,16,56.12
2026-06-26,17,142.5
2026-06-26,18,167.885
2026-06-26,19,125.2575
2026-06-26,20,132.2375
2026-06-26,21,130.7425
2026-06-26,22,132.95
2026-06-26,23,152.21
2026-06-27,0,142.375
2026-06-27,1,130.7175
2026-06-27,2,121.91
2026-06-27,3,115.83
2026-06-27,4,115.325
2026-06-27,5,114.0
2026-06-27,6,108.75
2026-06-27,7,21.7675
2026-06-27,8,-0.0075
2026-06-27,9,-0.01
2026-06-27,10,-0.01
2026-06-27,11,-0.01
2026-06-27,12,-0.01
2026-06-27,13,-0.01
2026-06-27,14,-0.01
2026-06-27,15,-0.01
2026-06-27,16,6.3875
2026-06-27,17,101.7625
2026-06-27,18,130.76
2026-06-27,19,138.2075
2026-06-27,20,140.01
2026-06-27,21,131.8
2026-06-27,22,127.3
2026-06-27,23,140.005
2026-06-28,0,137.3
2026-06-28,1,125.26
2026-06-28,2,119.6825
2026-06-28,3,115.6875
2026-06-28,4,114.735
2026-06-28,5,115.1
2026-06-28,6,112.0625
2026-06-28,7,5.1875
2026-06-28,8,-0.015
2026-06-28,9,-0.325
2026-06-28,10,-0.775
2026-06-28,11,-0.02
2026-06-28,12,-0.02
2026-06-28,13,-0.02
2026-06-28,14,-0.02
2026-06-28,15,-0.0125
2026-06-28,16,-0.01
2026-06-28,17,58.815
2026-06-28,18,122.1725
2026-06-28,19,127.0375
2026-06-28,20,136.6875
2026-06-28,21,136.695
2026-06-28,22,127.9825
2026-06-28,23,126.1275
2026-06-29,0,123.1175
2026-06-29,1,113.665
2026-06-29,2,113.0775
2026-06-29,3,109.9475
2026-06-29,4,116.04
2026-06-29,5,129.0775
2026-06-29,6,138.25
2026-06-29,7,45.0275
2026-06-29,8,2.1075
2026-06-29,9,-0.01
2026-06-29,10,-0.01
2026-06-29,11,-0.01
2026-06-29,12,-0.01
2026-06-29,13,-0.01
2026-06-29,14,0.0
2026-06-29,15,0.0
2026-06-29,16,25.135
2026-06-29,17,121.585
2026-06-29,18,141.41500000000002
2026-06-29,19,206.2
2026-06-29,20,164.4875
2026-06-29,21,153.4
2026-06-29,22,200.7375
2026-06-29,23,172.85
2026-06-30,0,165.015
2026-06-30,1,149.2
2026-06-30,2,136.59
2026-06-30,3,132.07
2026-06-30,4,135.3375
2026-06-30,5,135.195
2026-06-30,6,148.04
2026-06-30,7,57.7275
2026-06-30,8,6.26
2026-06-30,9,0.0025
2026-06-30,10,0.0
2026-06-30,11,70.8175
2026-06-30,12,84.1925
2026-06-30,13,33.335
2026-06-30,14,66.89
2026-06-30,15,25.995
2026-06-30,16,65.515
2026-06-30,17,183.2
2026-06-30,18,195.58
2026-06-30,19,249.9975
2026-06-30,20,405.425
2026-06-30,21,369.715
2026-06-30,22,262.9825
2026-06-30,23,226.225
2026-07-01,0,161.9225
2026-07-01,1,158.9425
2026-07-01,2,152.7625
2026-07-01,3,150.495
2026-07-01,4,159.395
2026-07-01,5,167.2075
2026-07-01,6,180.8625
2026-07-01,7,151.7625
2026-07-01,8,128.5375
2026-07-01,9,109.955
2026-07-01,10,94.41
2026-07-01,11,84.01
2026-07-01,12,103.1525
2026-07-01,13,115.2
2026-07-01,14,111.225
2026-07-01,15,106.39
2026-07-01,16,162.545
2026-07-01,17,193.965
2026-07-01,18,238.9525
2026-07-01,19,330.46500000000003
2026-07-01,20,190.675
2026-07-01,21,271.145
2026-07-01,22,333.4925
2026-07-01,23,201.2625
2026-07-02,0,154.5875
2026-07-02,1,150.915
2026-07-02,2,144.07
2026-07-02,3,145.005
2026-07-02,4,139.4475
2026-07-02,5,141.38
2026-07-02,6,146.39999999999998
2026-07-02,7,113.3825
2026-07-02,8,95.5975
2026-07-02,9,72.6375
2026-07-02,10,71.345
2026-07-02,11,93.75
2026-07-02,12,108.97
2026-07-02,13,108.59
2026-07-02,14,96.7575
2026-07-02,15,126.875
2026-07-02,16,139.055
2026-07-02,17,187.065
2026-07-02,18,242.16
2026-07-02,19,245.445
2026-07-02,20,213.2
2026-07-02,21,203.3525
2026-07-02,22,176.555
2026-07-02,23,175.79500000000002
2026-07-03,0,158.1875
2026-07-03,1,144.73000000000002
2026-07-03,2,136.035
2026-07-03,3,132.79500000000002
2026-07-03,4,133.38
2026-07-03,5,130.0975
2026-07-03,6,144.235
2026-07-03,7,111.8975
2026-07-03,8,73.6225
2026-07-03,9,37.1225
2026-07-03,10,9.97
2026-07-03,11,9.58
2026-07-03,12,9.9825
2026-07-03,13,12.985
2026-07-03,14,25.5075
2026-07-03,15,36.2775
2026-07-03,16,61.6175
2026-07-03,17,142.0
2026-07-03,18,151.265
2026-07-03,19,159.74
2026-07-03,20,170.1825
2026-07-03,21,159.47
2026-07-03,22,154.15
2026-07-03,23,140.935
2026-07-04,0,130.9225
2026-07-04,1,127.7975
2026-07-04,2,128.19
2026-07-04,3,122.7475
2026-07-04,4,111.6375
2026-07-04,5,102.8975
2026-07-04,6,95.1975
2026-07-04,7,76.3125
2026-07-04,8,26.0
2026-07-04,9,1.0575
2026-07-04,10,-0.0025
2026-07-04,11,0.0
2026-07-04,12,0.0
2026-07-04,13,0.0
2026-07-04,14,0.0
2026-07-04,15,-0.0075
2026-07-04,16,5.7325
2026-07-04,17,95.1775
2026-07-04,18,123.5425
2026-07-04,19,129.9975
2026-07-04,20,129.4125
2026-07-04,21,136.245
2026-07-04,22,160.0075
2026-07-04,23,156.005
2026-07-05,0,133.5425
2026-07-05,1,145.0
2026-07-05,2,112.335
2026-07-05,3,111.71
2026-07-05,4,109.955
2026-07-05,5,104.345
2026-07-05,6,88.46000000000001
2026-07-05,7,23.64
2026-07-05,8,-0.01
2026-07-05,9,-0.01
2026-07-05,10,-0.0125
2026-07-05,11,-0.01
2026-07-05,12,-0.01
2026-07-05,13,-0.01
2026-07-05,14,-0.01
2026-07-05,15,-0.0075
2026-07-05,16,2.2125
2026-07-05,17,64.89
2026-07-05,18,140.0
2026-07-05,19,132.1575
2026-07-05,20,137.33249999999998
2026-07-05,21,134.22
2026-07-05,22,137.26
2026-07-05,23,137.6575
2026-07-06,0,145.2425
2026-07-06,1,134.5975
2026-07-06,2,129.60750000000002
2026-07-06,3,125.2225
2026-07-06,4,125.3575
2026-07-06,5,133.0725
2026-07-06,6,136.52
2026-07-06,7,135.4875
2026-07-06,8,56.0775
2026-07-06,9,41.5425
2026-07-06,10,67.6925
2026-07-06,11,66.6225
2026-07-06,12,43.4125
2026-07-06,13,36.6675
2026-07-06,14,37.41
2026-07-06,15,39.5575
2026-07-06,16,87.4525
2026-07-06,17,117.7175
2026-07-06,18,159.32999999999998
2026-07-06,19,167.9175
2026-07-06,20,174.585
2026-07-06,21,152.63
2026-07-06,22,164.3375
2026-07-06,23,142.5075
2026-07-07,0,147.57999999999998
2026-07-07,1,131.355
2026-07-07,2,118.535
2026-07-07,3,110.6225
2026-07-07,4,110.865
2026-07-07,5,125.4625
2026-07-07,6,137.8925
2026-07-07,7,128.0675
2026-07-07,8,91.1375
2026-07-07,9,37.4525
2026-07-07,10,37.395
2026-07-07,11,25.105
2026-07-07,12,15.9975
2026-07-07,13,22.005
2026-07-07,14,16.8725
2026-07-07,15,37.370000000000005
2026-07-07,16,94.2825
2026-07-07,17,127.1375
2026-07-07,18,145.9375
2026-07-07,19,164.9825
2026-07-07,20,174.22
2026-07-07,21,165.63
2026-07-07,22,158.25
2026-07-07,23,159.965
2026-07-08,0,156.10250000000002
2026-07-08,1,142.75
2026-07-08,2,137.04999999999998
2026-07-08,3,130.64249999999998
2026-07-08,4,130.7425
2026-07-08,5,163.33249999999998
2026-07-08,6,163.82999999999998
2026-07-08,7,149.4325
2026-07-08,8,63.405
2026-07-08,9,46.0725
2026-07-08,10,50.9575
2026-07-08,11,78.3925
2026-07-08,12,80.3125
2026-07-08,13,78.78
2026-07-08,14,52.2575
2026-07-08,15,74.92750000000001
2026-07-08,16,92.3325
2026-07-08,17,126.6675
2026-07-08,18,144.725
2026-07-08,19,138.14749999999998
2026-07-08,20,161.9975
2026-07-08,21,160.05
2026-07-08,22,159.2175
2026-07-08,23,145.2075
2026-07-09,0,146.235
2026-07-09,1,136.5025
2026-07-09,2,129.3975
2026-07-09,3,125.9825
2026-07-09,4,127.49
2026-07-09,5,134.0825
2026-07-09,6,146.8125
2026-07-09,7,146.92000000000002
2026-07-09,8,118.6325
2026-07-09,9,85.1375
2026-07-09,10,60.975
2026-07-09,11,75.74249999999999
2026-07-09,12,60.585
2026-07-09,13,39.4975
2026-07-09,14,36.585
2026-07-09,15,54.3525
2026-07-09,16,80.045
2026-07-09,17,114.7325
2026-07-09,18,142.2425
2026-07-09,19,166.07999999999998
2026-07-09,20,203.775
2026-07-09,21,205.5825
2026-07-09,22,181.415
2026-07-09,23,161.55
2026-07-10,0,152.4775
2026-07-10,1,143.10250000000002
2026-07-10,2,139.135
2026-07-10,3,137.76
2026-07-10,4,139.0625
2026-07-10,5,141.805
2026-07-10,6,150.35750000000002
2026-07-10,7,142.3325
2026-07-10,8,50.9125
2026-07-10,9,36.4775
2026-07-10,10,49.2125
2026-07-10,11,78.515
2026-07-10,12,54.5575
2026-07-10,13,37.36
2026-07-10,14,40.95
2026-07-10,15,62.1
2026-07-10,16,88.8675
2026-07-10,17,131.13
2026-07-10,18,160.0625
2026-07-10,19,166.585
2026-07-10,20,180.4425
2026-07-10,21,169.7075
2026-07-10,22,168.0
2026-07-10,23,154.4625
2026-07-11,0,156.3425
2026-07-11,1,150.22
2026-07-11,2,141.9675
2026-07-11,3,139.805
2026-07-11,4,145.8375
2026-07-11,5,143.45
2026-07-11,6,133.4775
2026-07-11,7,93.7725
2026-07-11,8,84.71
2026-07-11,9,35.0
2026-07-11,10,16.0875
2026-07-11,11,0.3275
2026-07-11,12,0.0
2026-07-11,13,0.01
2026-07-11,14,0.01
2026-07-11,15,1.1625
2026-07-11,16,47.95
2026-07-11,17,138.3975
2026-07-11,18,159.46
2026-07-11,19,159.46
2026-07-11,20,164.0575
2026-07-11,21,156.3675
2026-07-11,22,154.8875
2026-07-11,23,149.02
2026-07-12,0,137.4425
2026-07-12,1,131.885
2026-07-12,2,125.57
2026-07-12,3,125.1
2026-07-12,4,122.8825
2026-07-12,5,119.7475
2026-07-12,6,111.6125
2026-07-12,7,99.775
2026-07-12,8,25.995
2026-07-12,9,3.1375
2026-07-12,10,-0.01
2026-07-12,11,-0.0075
2026-07-12,12,0.0
2026-07-12,13,0.0
2026-07-12,14,0.005
2026-07-12,15,0.5725
2026-07-12,16,13.1075
2026-07-12,17,76.425
2026-07-12,18,112.8
2026-07-12,19,138.14
2026-07-12,20,140.3625
2026-07-12,21,144.4875
2026-07-12,22,144.93
2026-07-12,23,139.3175
2026-07-13,0,129.73
2026-07-13,1,124.2725
2026-07-13,2,121.3175
2026-07-13,3,122.2725
2026-07-13,4,123.71
2026-07-13,5,135.7025
2026-07-13,6,149.5775
2026-07-13,7,114.5475
2026-07-13,8,55.9
2026-07-13,9,25.755
2026-07-13,10,29.91
2026-07-13,11,68.8775
2026-07-13,12,68.65
2026-07-13,13,76.0425
2026-07-13,14,79.7625
2026-07-13,15,86.95750000000001
2026-07-13,16,102.095
2026-07-13,17,133.66
2026-07-13,18,156.08249999999998
2026-07-13,19,148.1625
2026-07-13,20,133.5125
2026-07-13,21,154.135
2026-07-13,22,154.4375
2026-07-13,23,148.805
2026-07-14,0,142.67000000000002
2026-07-14,1,133.8875
2026-07-14,2,127.35
2026-07-14,3,127.2175
2026-07-14,4,127.65
2026-07-14,5,135.02
2026-07-14,6,150.06
2026-07-14,7,121.41
2026-07-14,8,65.495
2026-07-14,9,39.8425
2026-07-14,10,37.91
2026-07-14,11,37.2
2026-07-14,12,75.3425
2026-07-14,13,80.4025
2026-07-14,14,83.825
2026-07-14,15,74.0775
2026-07-14,16,117.395
2026-07-14,17,143.3525
2026-07-14,18,167.685
2026-07-14,19,179.575
2026-07-14,20,178.875
2026-07-14,21,175.01
2026-07-14,22,168.765
2026-07-14,23,151.51999999999998
2026-07-15,0,153.2925
2026-07-15,1,144.4475
2026-07-15,2,138.915
2026-07-15,3,135.555
2026-07-15,4,139.4425
2026-07-15,5,150.1
2026-07-15,6,166.24
2026-07-15,7,165.32999999999998
2026-07-15,8,130.825
2026-07-15,9,111.6175
2026-07-15,10,108.8925
2026-07-15,11,30.53
2026-07-15,12,52.05
2026-07-15,13,86.5425
2026-07-15,14,47.3525
2026-07-15,15,84.84
2026-07-15,16,133.6475
2026-07-15,17,161.81
2026-07-15,18,192.8275
2026-07-15,19,195.0
2026-07-15,20,187.495
2026-07-15,21,196.745
2026-07-15,22,188.38
2026-07-15,23,171.415
2026-07-16,0,166.0325
2026-07-16,1,159.2
2026-07-16,2,152.865
2026-07-16,3,148.925
2026-07-16,4,151.4325
2026-07-16,5,158.9075
2026-07-16,6,174.1125
2026-07-16,7,160.89249999999998
2026-07-16,8,76.56
2026-07-16,9,70.2275
2026-07-16,10,11.885
2026-07-16,11,77.8175
2026-07-16,12,89.775
2026-07-16,13,87.3725
2026-07-16,14,101.795
2026-07-16,15,110.6025
2026-07-16,16,122.2025
2026-07-16,17,153.0225
2026-07-16,18,191.6275
2026-07-16,19,219.22
2026-07-16,20,230.0325
2026-07-16,21,212.0125
2026-07-16,22,206.84
2026-07-16,23,180.3125
2026-07-17,0,170.565
2026-07-17,1,161.45
2026-07-17,2,151.975
2026-07-17,3,143.94
2026-07-17,4,142.89999999999998
2026-07-17,5,152.8525
2026-07-17,6,164.13
2026-07-17,7,134.32999999999998
2026-07-17,8,83.025
2026-07-17,9,85.355
2026-07-17,10,39.675
2026-07-17,11,39.925
2026-07-17,12,82.325
2026-07-17,13,98.2
2026-07-17,14,93.705
2026-07-17,15,96.48
2026-07-17,16,123.025
2026-07-17,17,160.36
2026-07-17,18,196.0425
2026-07-17,19,198.3325
2026-07-17,20,198.125
2026-07-17,21,188.425
2026-07-17,22,194.395
2026-07-17,23,162.9625
2026-07-18,0,157.9575
2026-07-18,1,145.785
2026-07-18,2,142.0
2026-07-18,3,135.3
2026-07-18,4,138.5125
2026-07-18,5,132.81
2026-07-18,6,126.9825
2026-07-18,7,119.9675
2026-07-18,8,39.77
2026-07-18,9,19.765
2026-07-18,10,10.72
2026-07-18,11,8.1575
2026-07-18,12,10.385
2026-07-18,13,11.99
2026-07-18,14,13.5725
2026-07-18,15,22.3225
2026-07-18,16,77.465
2026-07-18,17,143.97500000000002
2026-07-18,18,187.48
2026-07-18,19,166.70749999999998
2026-07-18,20,142.4875
2026-07-18,21,145.025
2026-07-18,22,177.16
2026-07-18,23,155.26
2026-07-19,0,138.6975
2026-07-19,1,130.7425
2026-07-19,2,121.915
2026-07-19,3,119.13
2026-07-19,4,117.385
2026-07-19,5,112.7925
2026-07-19,6,109.775
2026-07-19,7,98.48
2026-07-19,8,46.42
2026-07-19,9,4.6875
2026-07-19,10,0.0375
2026-07-19,11,0.1825
2026-07-19,12,4.2775
2026-07-19,13,2.8525
2026-07-19,14,7.522499999999999
2026-07-19,15,11.97
2026-07-19,16,49.305
2026-07-19,17,109.8675
2026-07-19,18,156.7725
2026-07-19,19,142.1775
2026-07-19,20,148.19
2026-07-19,21,149.94
2026-07-19,22,150.005
2026-07-19,23,138.3075
2026-07-20,0,147.4525
2026-07-20,1,138.48250000000002
2026-07-20,2,132.85000000000002
2026-07-20,3,130.555
2026-07-20,4,151.92000000000002
2026-07-20,5,156.6375
2026-07-20,6,151.74
2026-07-20,7,141.1
2026-07-20,8,112.7725
2026-07-20,9,80.0375
2026-07-20,10,59.57
2026-07-20,11,44.010000000000005
2026-07-20,12,66.5925
2026-07-20,13,42.585
2026-07-20,14,57.795
2026-07-20,15,81.71000000000001
2026-07-20,16,98.445
2026-07-20,17,127.69
2026-07-20,18,178.85750000000002
2026-07-20,19,180.155
2026-07-20,20,186.0725
2026-07-20,21,190.27
2026-07-20,22,174.815
2026-07-20,23,164.985
2026-07-21,0,172.17
2026-07-21,1,162.5725
2026-07-21,2,160.175
2026-07-21,3,149.915
2026-07-21,4,148.0225
2026-07-21,5,154.19
2026-07-21,6,158.6125
2026-07-21,7,154.4275
2026-07-21,8,141.8
2026-07-21,9,99.745
2026-07-21,10,92.64
2026-07-21,11,92.1675
2026-07-21,12,80.3675
2026-07-21,13,73.355
2026-07-21,14,63.9375
2026-07-21,15,63.5475
2026-07-21,16,99.495
2026-07-21,17,160.3275
2026-07-21,18,197.2575
2026-07-21,19,216.415
2026-07-21,20,216.5
2026-07-21,21,202.9475
2026-07-21,22,189.5125
2026-07-21,23,162.92000000000002
2026-07-22,0,160.6125
2026-07-22,1,150.1875
2026-07-22,2,152.8775
2026-07-22,3,136.835
2026-07-22,4,131.4525
2026-07-22,5,143.62
2026-07-22,6,154.5775
2026-07-22,7,147.5775
2026-07-22,8,140.23250000000002
2026-07-22,9,100.65
2026-07-22,10,76.685
2026-07-22,11,52.54
2026-07-22,12,50.305
2026-07-22,13,52.495000000000005
2026-07-22,14,47.6975
2026-07-22,15,49.5775
2026-07-22,16,68.565
2026-07-22,17,110.7675
2026-07-22,18,144.185
2026-07-22,19,146.1
2026-07-22,20,133.3425
2026-07-22,21,130.66
2026-07-22,22,151.2025
2026-07-22,23,148.3825
2026-07-23,0,152.05
2026-07-23,1,144.56
2026-07-23,2,140.75
2026-07-23,3,139.9225
2026-07-23,4,143.505
2026-07-23,5,150.3375
2026-07-23,6,155.4725
2026-07-23,7,74.5
2026-07-23,8,35.7425
2026-07-23,9,9.215
2026-07-23,10,15.1425
2026-07-23,11,73.02
2026-07-23,12,40.0
2026-07-23,13,41.5075
2026-07-23,14,41.125
2026-07-23,15,50.22
2026-07-23,16,102.29
2026-07-23,17,118.0775
2026-07-23,18,153.7275
2026-07-23,19,165.2125
2026-07-23,20,187.9675
2026-07-23,21,190.0
2026-07-23,22,186.5425
2026-07-23,23,170.42000000000002
2026-07-24,0,161.0025
2026-07-24,1,157.19
2026-07-24,2,153.2575
2026-07-24,3,144.1925
2026-07-24,4,138.115
2026-07-24,5,161.3975
2026-07-24,6,162.0875
2026-07-24,7,128.9775
2026-07-24,8,131.54
2026-07-24,9,111.005
2026-07-24,10,97.5875
2026-07-24,11,72.2275
2026-07-24,12,86.0475
2026-07-24,13,100.015
2026-07-24,14,98.81
2026-07-24,15,81.4375
2026-07-24,16,91.245
2026-07-24,17,133.48000000000002
2026-07-24,18,148.4625
2026-07-24,19,123.4575
2026-07-24,20,114.8
2026-07-24,21,135.0575
2026-07-24,22,124.6325
2026-07-24,23,140.29
2026-07-25,0,149.15
2026-07-25,1,134.3625
2026-07-25,2,127.3275
2026-07-25,3,124.1975
2026-07-25,4,128.54250000000002
2026-07-25,5,139.45499999999998
2026-07-25,6,96.655
2026-07-25,7,34.4175
2026-07-25,8,1.275
2026-07-25,9,-0.01
2026-07-25,10,-0.015
2026-07-25,11,-0.01
2026-07-25,12,-0.01
2026-07-25,13,-0.01
2026-07-25,14,-0.01
2026-07-25,15,-0.0175
2026-07-25,16,-0.0025
2026-07-25,17,48.94499999999999
2026-07-25,18,156.1625
2026-07-25,19,134.6125
2026-07-25,20,155.595
2026-07-25,21,164.6825
2026-07-25,22,149.265
2026-07-25,23,160.0
2026-07-26,0,133.5475
2026-07-26,1,131.7725
2026-07-26,2,129.285
2026-07-26,3,159.71
2026-07-26,4,151.3475
2026-07-26,5,128.67000000000002
2026-07-26,6,132.0525
2026-07-26,7,81.35249999999999
2026-07-26,8,11.25
2026-07-26,9,-0.0075
2026-07-26,10,-0.01
2026-07-26,11,-0.01
2026-07-26,12,-0.01
2026-07-26,13,-0.01
2026-07-26,14,-0.01
2026-07-26,15,-0.01
2026-07-26,16,8.44
2026-07-26,17,92.6875
2026-07-26,18,155.4525
2026-07-26,19,140.7175
2026-07-26,20,124.945
2026-07-26,21,120.04
2026-07-26,22,122.82
2026-07-26,23,136.795
2026-07-27,0,127.985
2026-07-27,1,126.5675
2026-07-27,2,124.9525
2026-07-27,3,121.93
2026-07-27,4,116.235
2026-07-27,5,134.2975
2026-07-27,6,136.4975
2026-07-27,7,129.9
2026-07-27,8,122.025
2026-07-27,9,54.965
2026-07-27,10,34.5075
2026-07-27,11,35.9925
2026-07-27,12,28.375
2026-07-27,13,20.75
2026-07-27,14,11.3375
2026-07-27,15,10.3925
2026-07-27,16,47.5925
2026-07-27,17,112.43
2026-07-27,18,144.34750000000005
2026-07-27,19,154.0325
2026-07-27,20,156.4225
2026-07-27,21,161.6525
2026-07-27,22,167.655
2026-07-27,23,161.425
2026-07-28,0,162.885
2026-07-28,1,152.72
2026-07-28,2,146.0575
2026-07-28,3,136.825
2026-07-28,4,142.4775
2026-07-28,5,160.08249999999998
2026-07-28,6,170.92000000000002
2026-07-28,7,106.995
2026-07-28,8,29.7475
2026-07-28,9,4.9825
2026-07-28,10,10.5525
2026-07-28,11,9.09
2026-07-28,12,9.065
2026-07-28,13,8.4875
2026-07-28,14,10.6775
2026-07-28,15,16.0425
2026-07-28,16,68.57
2026-07-28,17,118.88
2026-07-28,18,185.58
2026-07-28,19,208.3875
2026-07-28,20,217.955
2026-07-28,21,166.89749999999998
2026-07-28,22,150.0525
2026-07-28,23,173.9225
2026-07-29,0,161.9425
2026-07-29,1,149.9175
2026-07-29,2,137.9025
2026-07-29,3,135.0025
2026-07-29,4,142.18
2026-07-29,5,156.32999999999998
2026-07-29,6,173.505
2026-07-29,7,151.6175
2026-07-29,8,44.68
2026-07-29,9,2.755
2026-07-29,10,0.0
2026-07-29,11,0.0
2026-07-29,12,0.0
2026-07-29,13,0.0
2026-07-29,14,-0.0025
2026-07-29,15,0.0
2026-07-29,16,49.3125
2026-07-29,17,141.8
2026-07-29,18,153.615
2026-07-29,19,120.705
2026-07-29,20,139.9375
2026-07-29,21,125.495
2026-07-29,22,144.735
2026-07-29,23,167.5075
2026-07-30,0,142.4775
2026-07-30,1,137.10250000000002
2026-07-30,2,135.1825
2026-07-30,3,135.5875
2026-07-30,4,133.6525
2026-07-30,5,145.7525
2026-07-30,6,153.92000000000002
2026-07-30,7,140.3725
2026-07-30,8,28.2125
2026-07-30,9,-0.01
2026-07-30,10,-0.01
2026-07-30,11,-0.01
2026-07-30,12,-0.01
2026-07-30,13,-0.01
2026-07-30,14,-0.01
2026-07-30,15,-0.01
2026-07-30,16,29.0525
2026-07-30,17,141.025
2026-07-30,18,162.14749999999998
2026-07-30,19,152.5
2026-07-30,20,143.39
2026-07-30,21,144.6225
2026-07-30,22,140.46749999999997
2026-07-30,23,155.1925
2026-07-31,0,133.64249999999998
2026-07-31,1,137.97
2026-07-31,2,134.015
2026-07-31,3,131.1625
2026-07-31,4,154.5625
2026-07-31,5,154.775
2026-07-31,6,140.935
2026-07-31,7,126.5725
2026-07-31,8,20.0025
2026-07-31,9,-0.005
2026-07-31,10,-0.01
2026-07-31,11,-0.01
2026-07-31,12,-0.01
2026-07-31,13,-0.01
2026-07-31,14,-0.01
2026-07-31,15,-0.01
2026-07-31,16,47.955
2026-07-31,17,145.7925
2026-07-31,18,131.85750000000002
2026-07-31,19,138.20499999999998
2026-07-31,20,148.63
2026-07-31,21,149.11
2026-07-31,22,131.75
2026-07-31,23,132.165
2026-08-01,0,142.3475
2026-08-01,1,163.73250000000002
2026-08-01,2,158.1275
2026-08-01,3,155.87
2026-08-01,4,156.325
2026-08-01,5,158.525
2026-08-01,6,146.7225
2026-08-01,7,100.5375
2026-08-01,8,-0.0025
2026-08-01,9,-0.01
2026-08-01,10,-0.01
2026-08-01,11,-0.01
2026-08-01,12,-0.01
2026-08-01,13,-0.01
2026-08-01,14,-0.01
2026-08-01,15,-0.01
2026-08-01,16,0.495
2026-08-01,17,145.68
2026-08-01,18,173.9475
2026-08-01,19,144.4125
2026-08-01,20,140.5475
2026-08-01,21,143.96
2026-08-01,22,142.3725
2026-08-01,23,157.64249999999998
2026-08-02,0,153.10500000000002
2026-08-02,1,155.7525
2026-08-02,2,157.0225
2026-08-02,3,155.2825
2026-08-02,4,154.71
2026-08-02,5,161.0775
2026-08-02,6,150.885
2026-08-02,7,63.5525
2026-08-02,8,-0.0075
2026-08-02,9,-0.01
2026-08-02,10,-0.01
2026-08-02,11,-0.01
2026-08-02,12,-0.01
2026-08-02,13,-0.01
2026-08-02,14,-0.01
2026-08-02,15,-0.01
2026-08-02,16,24.8925
2026-08-02,17,129.815
2026-08-02,18,184.9675
2026-08-02,19,186.605
2026-08-02,20,149.3125
2026-08-02,21,170.68
2026-08-02,22,171.3975
2026-08-02,23,177.64
2026-08-03,0,189.47
2026-08-03,1,171.6725
2026-08-03,2,162.5175
2026-08-03,3,153.54250000000002
2026-08-03,4,161.9875
2026-08-03,5,174.9725
2026-08-03,6,178.1475
2026-08-03,7,162.615
2026-08-03,8,90.8575
2026-08-03,9,32.095
2026-08-03,10,1.435
2026-08-03,11,54.4075
2026-08-03,12,51.3275
2026-08-03,13,74.97
2026-08-03,14,91.1225
2026-08-03,15,113.92
2026-08-03,16,138.45
2026-08-03,17,197.415
2026-08-03,18,240.0
2026-08-03,19,262.29
2026-08-03,20,280.0
2026-08-03,21,268.52
2026-08-03,22,238.4775
2026-08-03,23,204.855
2026-08-04,0,200.31
2026-08-04,1,191.2225
2026-08-04,2,182.4925
2026-08-04,3,172.8625
2026-08-04,4,164.85750000000002
2026-08-04,5,170.95
2026-08-04,6,172.7525
2026-08-04,7,156.4625
2026-08-04,8,68.815
2026-08-04,9,51.9925
2026-08-04,10,86.36
2026-08-04,11,84.5
2026-08-04,12,85.315
2026-08-04,13,76.465
2026-08-04,14,81.4925
2026-08-04,15,42.805
2026-08-04,16,107.9075
2026-08-04,17,185.62
2026-08-04,18,234.3725
2026-08-04,19,240.79
2026-08-04,20,213.9375
2026-08-04,21,278.025
2026-08-04,22,254.0475
2026-08-04,23,216.48
2026-08-05,0,190.5975
2026-08-05,1,175.66
2026-08-05,2,174.0075
2026-08-05,3,166.96
2026-08-05,4,168.87
2026-08-05,5,182.6675
2026-08-05,6,180.49
2026-08-05,7,152.2175
2026-08-05,8,87.595
2026-08-05,9,25.0
2026-08-05,10,6.2625
2026-08-05,11,25.095
2026-08-05,12,81.06
2026-08-05,13,85.4225
2026-08-05,14,79.48
2026-08-05,15,57.82
2026-08-05,16,124.2875
2026-08-05,17,196.36
2026-08-05,18,252.055
2026-08-05,19,289.325
2026-08-05,20,237.935
2026-08-05,21,230.1525
2026-08-05,22,247.25
2026-08-05,23,221.58
2026-08-06,0,190.2775
2026-08-06,1,171.8425
2026-08-06,2,160.5675
2026-08-06,3,152.905
2026-08-06,4,154.775
2026-08-06,5,162.9675
2026-08-06,6,154.19
2026-08-06,7,132.43
2026-08-06,8,46.135000000000005
2026-08-06,9,-0.0075
2026-08-06,10,-0.0075
2026-08-06,11,0.005
2026-08-06,12,36.4025
2026-08-06,13,50.2225
2026-08-06,14,86.8925
2026-08-06,15,93.3675
2026-08-06,16,164.9225
2026-08-06,17,189.13
2026-08-06,18,239.185
2026-08-06,19,229.5675
2026-08-06,20,254.5675
2026-08-06,21,249.325
2026-08-06,22,255.5
2026-08-06,23,223.8725
2026-08-07,0,177.12
2026-08-07,1,155.175
2026-08-07,2,151.905
2026-08-07,3,137.4225
2026-08-07,4,141.0175
2026-08-07,5,159.2575
2026-08-07,6,170.525
2026-08-07,7,156.04
2026-08-07,8,128.3975
2026-08-07,9,116.24
2026-08-07,10,97.4025
2026-08-07,11,34.525
2026-08-07,12,83.91
2026-08-07,13,105.525
2026-08-07,14,109.19
2026-08-07,15,113.5075
2026-08-07,16,141.82
2026-08-07,17,194.0125
2026-08-07,18,220.0
2026-08-07,19,229.735
2026-08-07,20,249.8075
2026-08-07,21,227.5
2026-08-07,22,198.4975
2026-08-07,23,172.07
2026-08-08,0,158.655
2026-08-08,1,149.4375
2026-08-08,2,145.98
2026-08-08,3,147.555
2026-08-08,4,145.5025
2026-08-08,5,146.67
2026-08-08,6,146.43
2026-08-08,7,137.6975
2026-08-08,8,54.125
2026-08-08,9,25.3475
2026-08-08,10,5.0075
2026-08-08,11,8.455
2026-08-08,12,11.9775
2026-08-08,13,20.085
2026-08-08,14,25.942500000000003
2026-08-08,15,36.0825
2026-08-08,16,80.38250000000001
2026-08-08,17,154.775
2026-08-08,18,169.5775
2026-08-08,19,177.7975
2026-08-08,20,190.875
2026-08-08,21,181.205
2026-08-08,22,170.85
2026-08-08,23,154.42000000000002
2026-08-09,0,145.27499999999998
2026-08-09,1,139.345
2026-08-09,2,136.4425
2026-08-09,3,133.95
2026-08-09,4,134.0275
2026-08-09,5,135.0
2026-08-09,6,131.7975
2026-08-09,7,83.4325
2026-08-09,8,2.5575
2026-08-09,9,-0.0075
2026-08-09,10,-0.01
2026-08-09,11,0.0
2026-08-09,12,0.0
2026-08-09,13,0.0
2026-08-09,14,-0.005
2026-08-09,15,0.03
2026-08-09,16,20.315
2026-08-09,17,115.74
2026-08-09,18,154.535
2026-08-09,19,141.325
2026-08-09,20,155.1375
2026-08-09,21,164.9775
2026-08-09,22,170.0
2026-08-09,23,161.9475
2026-08-10,0,147.5325
2026-08-10,1,142.0175
2026-08-10,2,134.89499999999998
2026-08-10,3,128.9375
2026-08-10,4,127.9175
2026-08-10,5,143.075
2026-08-10,6,131.3475
2026-08-10,7,127.8825
2026-08-10,8,28.8375
2026-08-10,9,0.0325
2026-08-10,10,0.005
2026-08-10,11,0.0
2026-08-10,12,0.01
2026-08-10,13,0.0125
2026-08-10,14,0.01
2026-08-10,15,16.485
2026-08-10,16,109.1825
2026-08-10,17,161.0275
2026-08-10,18,207.1575
2026-08-10,19,169.96
2026-08-10,20,141.455
2026-08-10,21,172.2375
2026-08-10,22,211.4675
2026-08-10,23,194.3
2026-08-11,0,165.95
2026-08-11,1,162.9625
2026-08-11,2,146.99
2026-08-11,3,142.2575
2026-08-11,4,141.04250000000002
2026-08-11,5,143.365
2026-08-11,6,146.6975
2026-08-11,7,140.1475
2026-08-11,8,37.6225
2026-08-11,9,0.0
2026-08-11,10,0.0
2026-08-11,11,0.0
2026-08-11,12,0.0
2026-08-11,13,0.005
2026-08-11,14,0.0
2026-08-11,15,19.6775
2026-08-11,16,95.3375
2026-08-11,17,182.88
2026-08-11,18,206.5275
2026-08-11,19,212.075
2026-08-11,20,240.9825
2026-08-11,21,213.525
2026-08-11,22,200.0875
2026-08-11,23,180.56
2026-08-12,0,159.1975
2026-08-12,1,149.505
2026-08-12,2,143.3
2026-08-12,3,139.7525
2026-08-12,4,139.9
2026-08-12,5,150.06
2026-08-12,6,155.5025
2026-08-12,7,160.29500000000002
2026-08-12,8,66.6525
2026-08-12,9,-0.005
2026-08-12,10,-0.01
2026-08-12,11,-0.01
2026-08-12,12,-0.01
2026-08-12,13,-0.01
2026-08-12,14,-0.01
2026-08-12,15,-0.01
2026-08-12,16,62.6075
2026-08-12,17,140.5875
2026-08-12,18,178.43
2026-08-12,19,157.67000000000002
2026-08-12,20,168.66750000000002
2026-08-12,21,174.435
2026-08-12,22,188.3575
2026-08-12,23,172.1
2026-08-13,0,154.1025
2026-08-13,1,147.5925
2026-08-13,2,143.4225
2026-08-13,3,142.7225
2026-08-13,4,144.92000000000002
2026-08-13,5,149.755
2026-08-13,6,147.57999999999998
2026-08-13,7,131.945
2026-08-13,8,0.2525
2026-08-13,9,-0.01
2026-08-13,10,-0.0075
2026-08-13,11,-0.005
2026-08-13,12,0.0
2026-08-13,13,0.0
2026-08-13,14,-0.01
2026-08-13,15,-0.005
2026-08-13,16,33.7575
2026-08-13,17,148.3425
2026-08-13,18,165.8725
2026-08-13,19,145.385
2026-08-13,20,172.235
2026-08-13,21,155.9425
2026-08-13,22,147.8275
2026-08-13,23,167.70499999999998
2026-08-14,0,143.3025
2026-08-14,1,149.54500000000002
2026-08-14,2,145.73000000000002
2026-08-14,3,142.05
2026-08-14,4,143.9075
2026-08-14,5,154.6975
2026-08-14,6,158.255
2026-08-14,7,150.9725
2026-08-14,8,42.935
2026-08-14,9,0.0025
2026-08-14,10,0.0
2026-08-14,11,0.0
2026-08-14,12,0.0
2026-08-14,13,0.0
2026-08-14,14,-0.0025
2026-08-14,15,0.0025
2026-08-14,16,64.5775
2026-08-14,17,139.31
2026-08-14,18,149.495
2026-08-14,19,161.4425
2026-08-14,20,145.3175
2026-08-14,21,142.3425
2026-08-14,22,138.7875
2026-08-14,23,154.7525
2026-08-15,0,168.27
2026-08-15,1,162.3975
2026-08-15,2,156.9025
2026-08-15,3,156.9375
2026-08-15,4,154.515
2026-08-15,5,150.59
2026-08-15,6,140.7625
2026-08-15,7,80.1825
2026-08-15,8,-0.0075
2026-08-15,9,-0.01
2026-08-15,10,-0.01
2026-08-15,11,-0.01
2026-08-15,12,-0.01
2026-08-15,13,-0.01
2026-08-15,14,-0.01
2026-08-15,15,-0.01
2026-08-15,16,11.4
2026-08-15,17,130.515
2026-08-15,18,157.7975
2026-08-15,19,137.2225
2026-08-15,20,162.1375
2026-08-15,21,144.385
2026-08-15,22,165.75
2026-08-15,23,173.99
2026-08-16,0,174.3125
2026-08-16,1,168.58749999999998
2026-08-16,2,165.32999999999998
2026-08-16,3,157.535
2026-08-16,4,156.9
2026-08-16,5,145.87
2026-08-16,6,152.7675
2026-08-16,7,71.7
2026-08-16,8,-0.0075
2026-08-16,9,-0.01
2026-08-16,10,-0.01
2026-08-16,11,-0.01
2026-08-16,12,-0.01
2026-08-16,13,-0.01
2026-08-16,14,-0.01
2026-08-16,15,-0.01
2026-08-16,16,31.5125
2026-08-16,17,145.325
2026-08-16,18,174.9225
2026-08-16,19,187.97
2026-08-16,20,200.0175
2026-08-16,21,205.675
2026-08-16,22,189.215
2026-08-16,23,192.6475
2026-08-17,0,191.0025
2026-08-17,1,178.81
2026-08-17,2,163.9
2026-08-17,3,160.28
2026-08-17,4,159.07
2026-08-17,5,174.9675
2026-08-17,6,197.4
2026-08-17,7,169.8275
2026-08-17,8,129.2875
2026-08-17,9,122.5025
2026-08-17,10,71.10249999999999
2026-08-17,11,28.3925
2026-08-17,12,73.2
2026-08-17,13,52.0
2026-08-17,14,123.47
2026-08-17,15,133.8475
2026-08-17,16,150.1
2026-08-17,17,186.7025
2026-08-17,18,208.2775
2026-08-17,19,206.4375
2026-08-17,20,213.78
2026-08-17,21,210.0025
2026-08-17,22,197.705
2026-08-17,23,179.92000000000002
2026-08-18,0,173.5675
2026-08-18,1,159.7875
2026-08-18,2,150.805
2026-08-18,3,148.39249999999998
2026-08-18,4,149.22
2026-08-18,5,159.03
2026-08-18,6,186.7325
2026-08-18,7,183.66
2026-08-18,8,137.7525
2026-08-18,9,126.3525
2026-08-18,10,66.29
2026-08-18,11,90.075
2026-08-18,12,99.05
2026-08-18,13,120.415
2026-08-18,14,123.1075
2026-08-18,15,135.2475
2026-08-18,16,139.9525
2026-08-18,17,166.48250000000002
2026-08-18,18,189.045
2026-08-18,19,204.0075
2026-08-18,20,208.5775
2026-08-18,21,203.1875
2026-08-18,22,191.385
2026-08-18,23,177.1425
2026-08-19,0,176.6
2026-08-19,1,157.6
2026-08-19,2,151.4125
2026-08-19,3,147.3
2026-08-19,4,148.995
2026-08-19,5,164.525
2026-08-19,6,186.7475
2026-08-19,7,188.53
2026-08-19,8,152.655
2026-08-19,9,129.1875
2026-08-19,10,111.0475
2026-08-19,11,100.095
2026-08-19,12,107.8075
2026-08-19,13,127.45
2026-08-19,14,127.5875
2026-08-19,15,130.845
2026-08-19,16,141.87
2026-08-19,17,163.3225
2026-08-19,18,203.2825
2026-08-19,19,214.01
2026-08-19,20,214.4225
2026-08-19,21,206.1225
2026-08-19,22,199.0975
2026-08-19,23,186.5475
2026-08-20,0,172.7125
2026-08-20,1,162.35000000000002
2026-08-20,2,153.73250000000002
2026-08-20,3,148.385
2026-08-20,4,148.54
2026-08-20,5,163.32
2026-08-20,6,186.3975
2026-08-20,7,185.85
2026-08-20,8,133.2325
2026-08-20,9,69.105
2026-08-20,10,39.6325
2026-08-20,11,33.0025
2026-08-20,12,74.825
2026-08-20,13,106.0625
2026-08-20,14,114.0425
2026-08-20,15,119.445
2026-08-20,16,148.38750000000002
2026-08-20,17,184.2875
2026-08-20,18,200.0
2026-08-20,19,211.2325
2026-08-20,20,206.6625
2026-08-20,21,195.6175
2026-08-20,22,187.9275
2026-08-20,23,173.015
2026-08-21,0,170.35
2026-08-21,1,160.49
2026-08-21,2,159.89
2026-08-21,3,151.8125
2026-08-21,4,155.1775
2026-08-21,5,168.45
2026-08-21,6,189.845
2026-08-21,7,175.91
2026-08-21,8,147.0075
2026-08-21,9,159.08249999999998
2026-08-21,10,117.21
2026-08-21,11,76.705
2026-08-21,12,98.66
2026-08-21,13,100.88
2026-08-21,14,133.73000000000002
2026-08-21,15,149.2925
2026-08-21,16,166.9425
2026-08-21,17,192.6825
2026-08-21,18,223.615
2026-08-21,19,219.6275
2026-08-21,20,216.0925
2026-08-21,21,200.0
2026-08-21,22,198.645
2026-08-21,23,173.5
2026-08-22,0,182.61
2026-08-22,1,162.1275
2026-08-22,2,158.7125
2026-08-22,3,156.06
2026-08-22,4,159.125
2026-08-22,5,178.905
2026-08-22,6,156.195
2026-08-22,7,144.0225
2026-08-22,8,128.13
2026-08-22,9,72.63
2026-08-22,10,53.245
2026-08-22,11,21.36
2026-08-22,12,3.9525
2026-08-22,13,8.692499999999999
2026-08-22,14,9.2
2026-08-22,15,8.8275
2026-08-22,16,75.3025
2026-08-22,17,157.645
2026-08-22,18,185.0725
2026-08-22,19,202.0725
2026-08-22,20,195.045
2026-08-22,21,183.5925
2026-08-22,22,201.41
2026-08-22,23,198.8
2026-08-23,0,190.715
2026-08-23,1,166.1225
2026-08-23,2,162.2375
2026-08-23,3,157.3
2026-08-23,4,150.22750000000002
2026-08-23,5,143.9675
2026-08-23,6,131.7225
2026-08-23,7,102.0925
2026-08-23,8,62.065
2026-08-23,9,1.9625
2026-08-23,10,0.7975
2026-08-23,11,1.93
2026-08-23,12,5.805
2026-08-23,13,7.797499999999999
2026-08-23,14,8.75
2026-08-23,15,6.1975
2026-08-23,16,46.00749999999999
2026-08-23,17,150.0975
2026-08-23,18,196.5975
2026-08-23,19,208.0425
2026-08-23,20,190.4625
2026-08-23,21,179.3075
2026-08-23,22,177.5825
2026-08-23,23,178.9675
2026-08-24,0,189.72
2026-08-24,1,168.515
2026-08-24,2,157.9125
2026-08-24,3,162.24
2026-08-24,4,157.2225
2026-08-24,5,179.595
2026-08-24,6,205.41
2026-08-24,7,202.5325
2026-08-24,8,134.5975
2026-08-24,9,128.25
2026-08-24,10,113.2075
2026-08-24,11,93.13
2026-08-24,12,84.43
2026-08-24,13,88.96000000000001
2026-08-24,14,100.1525
2026-08-24,15,117.72
2026-08-24,16,151.73
2026-08-24,17,206.6525
2026-08-24,18,230.0975
2026-08-24,19,246.5375
2026-08-24,20,258.6875
2026-08-24,21,220.26
2026-08-24,22,236.835
2026-08-24,23,186.87
2026-08-25,0,183.82
2026-08-25,1,176.985
2026-08-25,2,179.1675
2026-08-25,3,174.685
2026-08-25,4,173.3225
2026-08-25,5,178.925
2026-08-25,6,195.0
2026-08-25,7,189.9425
2026-08-25,8,159.8825
2026-08-25,9,132.65
2026-08-25,10,130.69
2026-08-25,11,127.3775
2026-08-25,12,119.545
2026-08-25,13,123.555
2026-08-25,14,126.7925
2026-08-25,15,137.26
2026-08-25,16,170.72
2026-08-25,17,199.395
2026-08-25,18,226.8925
2026-08-25,19,217.4625
2026-08-25,20,212.98
2026-08-25,21,220.1275
2026-08-25,22,214.09
2026-08-25,23,198.33
2026-08-26,0,186.2675
2026-08-26,1,170.975
2026-08-26,2,179.41
2026-08-26,3,182.34
2026-08-26,4,177.565
2026-08-26,5,196.75
2026-08-26,6,204.3225
2026-08-26,7,205.295
2026-08-26,8,193.52
2026-08-26,9,158.7725
2026-08-26,10,136.44
2026-08-26,11,121.005
2026-08-26,12,123.8375
2026-08-26,13,126.4775
2026-08-26,14,138.07999999999998
2026-08-26,15,133.4675
2026-08-26,16,162.91750000000002
2026-08-26,17,195.0
2026-08-26,18,242.0825
2026-08-26,19,250.0
2026-08-26,20,237.21
2026-08-26,21,230.16
2026-08-26,22,249.0775
2026-08-26,23,226.2575
2026-08-28,0,193.4175
2026-08-28,1,170.0775
2026-08-28,2,163.8025
2026-08-28,3,158.925
2026-08-28,4,156.775
2026-08-28,5,176.48
2026-08-28,6,173.9325
2026-08-28,7,179.46
2026-08-28,8,164.38
2026-08-28,9,127.0175
2026-08-28,10,66.5925
2026-08-28,11,75.04
2026-08-28,12,76.39
2026-08-28,13,77.9575
2026-08-28,14,81.05
2026-08-28,15,104.9225
2026-08-28,16,124.23
2026-08-28,17,166.115
2026-08-28,18,211.8725
2026-08-28,19,207.205
2026-08-28,20,191.71
2026-08-28,21,225.94
2026-08-28,22,213.9075
2026-08-28,23,181.7125
2026-08-29,0,148.5725
2026-08-29,1,141.3975
2026-08-29,2,132.4275
2026-08-29,3,133.0
2026-08-29,4,126.4775
2026-08-29,5,128.4675
2026-08-29,6,156.7125
2026-08-29,7,133.29250000000002
2026-08-29,8,77.09750000000001
2026-08-29,9,11.965
2026-08-29,10,15.0025
2026-08-29,11,12.9825
2026-08-29,12,8.8
2026-08-29,13,9.6325
2026-08-29,14,11.2025
2026-08-29,15,33.167500000000004
2026-08-29,16,115.185
2026-08-29,17,191.67
2026-08-29,18,208.7175
2026-08-29,19,216.01
2026-08-29,20,211.75
2026-08-29,21,197.875
2026-08-29,22,187.765
2026-08-29,23,189.4775
2026-08-30,0,206.12
2026-08-30,1,198.8275
2026-08-30,2,186.1675
2026-08-30,3,159.91
2026-08-30,4,180.9675
2026-08-30,5,161.4075
2026-08-30,6,172.98250000000002
2026-08-30,7,125.6125
2026-08-30,8,81.3925
2026-08-30,9,9.525
2026-08-30,10,0.2024999999999999
2026-08-30,11,0.0125
2026-08-30,12,0.175
2026-08-30,13,0.24
2026-08-30,14,0.2475
2026-08-30,15,0.0175
2026-08-30,16,62.3575
2026-08-30,17,169.05
2026-08-30,18,206.7725
2026-08-30,19,205.955
2026-08-30,20,222.0225
2026-08-30,21,212.2425
2026-08-30,22,203.125
2026-08-30,23,219.13
2026-08-31,0,195.1125
2026-08-31,1,169.45499999999998
2026-08-31,2,163.63
2026-08-31,3,166.745
2026-08-31,4,171.4275
2026-08-31,5,190.245
2026-08-31,6,214.32
2026-08-31,7,202.2725
2026-08-31,8,160.7125
2026-08-31,9,72.11
2026-08-31,10,95.3525
2026-08-31,11,84.0775
2026-08-31,12,82.61749999999999
2026-08-31,13,84.68
2026-08-31,14,89.4625
2026-08-31,15,113.0575
2026-08-31,16,171.12
2026-08-31,17,220.855
2026-08-31,18,253.8525
2026-08-31,19,247.665
2026-08-31,20,255.765
2026-08-31,21,252.7825
2026-08-31,22,239.18
2026-08-31,23,213.1525
2026-09-01,0,188.4625
2026-09-01,1,164.0375
2026-09-01,2,163.7025
2026-09-01,3,162.5825
2026-09-01,4,161.5625
2026-09-01,5,178.6775
2026-09-01,6,204.395
2026-09-01,7,209.3975
2026-09-01,8,176.6125
2026-09-01,9,132.2925
2026-09-01,10,121.0225
2026-09-01,11,89.9975
2026-09-01,12,79.6425
2026-09-01,13,84.07
2026-09-01,14,85.8925
2026-09-01,15,101.4625
2026-09-01,16,151.29
2026-09-01,17,226.045
2026-09-01,18,270.2725
2026-09-01,19,280.2675
2026-09-01,20,253.1775
2026-09-01,21,247.05
2026-09-01,22,233.1575
2026-09-01,23,227.175
2026-09-02,0,203.2225
2026-09-02,1,202.4075
2026-09-02,2,188.6225
2026-09-02,3,181.11
2026-09-02,4,171.69
2026-09-02,5,189.81
2026-09-02,6,222.5275
2026-09-02,7,213.4775
2026-09-02,8,184.845
2026-09-02,9,125.215
2026-09-02,10,78.8925
2026-09-02,11,100.44
2026-09-02,12,107.22
2026-09-02,13,108.21
2026-09-02,14,120.285
2026-09-02,15,155.0975
2026-09-02,16,189.1925
2026-09-02,17,239.54
2026-09-02,18,262.6225
2026-09-02,19,284.725
2026-09-02,20,278.7225
2026-09-02,21,270.8475
2026-09-02,22,222.02
2026-09-02,23,211.26
2026-09-03,0,215.03500000000005
2026-09-03,1,203.4975
2026-09-03,2,194.65
2026-09-03,3,187.625
2026-09-03,4,180.8425
2026-09-03,5,204.3375
2026-09-03,6,224.93
2026-09-03,7,211.36
2026-09-03,8,188.7
2026-09-03,9,144.9925
2026-09-03,10,129.83
2026-09-03,11,110.5925
2026-09-03,12,109.1775
2026-09-03,13,128.61
2026-09-03,14,136.79
2026-09-03,15,149.70999999999998
2026-09-03,16,191.2825
2026-09-03,17,250.06
2026-09-03,18,250.0775
2026-09-03,19,269.7
2026-09-03,20,255.0925
2026-09-03,21,234.29
2026-09-03,22,238.845
2026-09-03,23,219.06
2026-09-04,0,206.5
2026-09-04,1,170.26749999999998
2026-09-04,2,169.945
2026-09-04,3,179.1175
2026-09-04,4,182.01999999999998
2026-09-04,5,196.68
2026-09-04,6,225.1225
2026-09-04,7,209.05
2026-09-04,8,132.1975
2026-09-04,9,43.294999999999995
2026-09-04,10,20.017500000000002
2026-09-04,11,20.0025
2026-09-04,12,43.3525
2026-09-04,13,55.3425
2026-09-04,14,59.1425
2026-09-04,15,87.0075
2026-09-04,16,152.7125
2026-09-04,17,230.01749999999998
2026-09-04,18,244.715
2026-09-04,19,226.3475
2026-09-04,20,260.2
2026-09-04,21,250.64499999999998
2026-09-04,22,240.4
2026-09-04,23,225.505
